loja,cluster,nome_cluster,tipo_loja,sortimento,venda_media_dia,mediana_grupo,benchmark_grupo,p25_grupo,gap_pct,rank_no_cluster,percentil_cluster,meta_pct_final,venda_meta_diaria_R$,crescimento_esperado_anual_R$,prioridade
842,0,C00 · Ticket Premium / Mix Caro,d,c,18574.79580,6444.51930,7719.78650,5368.82075,-0.58439,1.00000,1.00000,0.01225,18802.28132,83032.21632,P4 · MANUTENÇÃO / REFERÊNCIA
903,0,C00 · Ticket Premium / Mix Caro,d,c,11737.74600,6444.51930,7719.78650,5368.82075,-0.34231,2.00000,0.99652,0.01225,11881.49818,52469.54397,P4 · MANUTENÇÃO / REFERÊNCIA
640,0,C00 · Ticket Premium / Mix Caro,d,c,11533.97820,6444.51930,7719.78650,5368.82075,-0.33069,3.00000,0.99303,0.01225,11675.23483,51558.67032,P4 · MANUTENÇÃO / REFERÊNCIA
342,0,C00 · Ticket Premium / Mix Caro,d,c,11104.13850,6444.51930,7719.78650,5368.82075,-0.30478,4.00000,0.98955,0.01225,11240.13088,49637.22024,P4 · MANUTENÇÃO / REFERÊNCIA
108,0,C00 · Ticket Premium / Mix Caro,d,c,11035.36010,6444.51930,7719.78650,5368.82075,-0.30045,5.00000,0.98606,0.01225,11170.51016,49329.77013,P4 · MANUTENÇÃO / REFERÊNCIA
252,0,C00 · Ticket Premium / Mix Caro,d,c,10615.51220,6444.51930,7719.78650,5368.82075,-0.27278,6.00000,0.98258,0.01225,10745.52038,47452.98494,P4 · MANUTENÇÃO / REFERÊNCIA
755,0,C00 · Ticket Premium / Mix Caro,d,c,10483.21640,6444.51930,7719.78650,5368.82075,-0.26361,7.00000,0.97909,0.01225,10611.60435,46861.60221,P4 · MANUTENÇÃO / REFERÊNCIA
64,0,C00 · Ticket Premium / Mix Caro,d,c,10359.52500,6444.51930,7719.78650,5368.82075,-0.25481,8.00000,0.97561,0.01225,10486.39810,46308.68248,P4 · MANUTENÇÃO / REFERÊNCIA
434,0,C00 · Ticket Premium / Mix Caro,a,a,9904.82320,6444.51930,7719.78650,5368.82075,-0.22060,9.00000,0.97213,0.01225,10026.12757,44276.09495,P4 · MANUTENÇÃO / REFERÊNCIA
35,0,C00 · Ticket Premium / Mix Caro,d,c,9703.07190,6444.51930,7719.78650,5368.82075,-0.20440,10.00000,0.96864,0.01225,9821.90542,43374.23537,P4 · MANUTENÇÃO / REFERÊNCIA
587,0,C00 · Ticket Premium / Mix Caro,d,c,9663.28570,6444.51930,7719.78650,5368.82075,-0.20112,11.00000,0.96516,0.01225,9781.63196,43196.38489,P4 · MANUTENÇÃO / REFERÊNCIA
868,0,C00 · Ticket Premium / Mix Caro,d,c,9578.29960,6444.51930,7719.78650,5368.82075,-0.19403,12.00000,0.96167,0.01225,9695.60504,42816.48385,P4 · MANUTENÇÃO / REFERÊNCIA
739,0,C00 · Ticket Premium / Mix Caro,d,c,9557.66560,6444.51930,7719.78650,5368.82075,-0.19229,13.00000,0.95819,0.01225,9674.71833,42724.24667,P4 · MANUTENÇÃO / REFERÊNCIA
24,0,C00 · Ticket Premium / Mix Caro,a,c,9388.28630,6444.51930,7719.78650,5368.82075,-0.17772,14.00000,0.95470,0.01225,9503.26464,41967.09495,P4 · MANUTENÇÃO / REFERÊNCIA
626,0,C00 · Ticket Premium / Mix Caro,c,c,9382.52950,6444.51930,7719.78650,5368.82075,-0.17722,15.00000,0.95122,0.01225,9497.43734,41941.36116,P4 · MANUTENÇÃO / REFERÊNCIA
214,0,C00 · Ticket Premium / Mix Caro,d,a,9331.87550,6444.51930,7719.78650,5368.82075,-0.17275,16.00000,0.94774,0.01225,9446.16298,41714.92993,P4 · MANUTENÇÃO / REFERÊNCIA
995,0,C00 · Ticket Premium / Mix Caro,d,a,9264.34620,6444.51930,7719.78650,5368.82075,-0.16672,17.00000,0.94425,0.01225,9377.80665,41413.06349,P4 · MANUTENÇÃO / REFERÊNCIA
411,0,C00 · Ticket Premium / Mix Caro,d,c,9133.36490,6444.51930,7719.78650,5368.82075,-0.15477,18.00000,0.94077,0.01225,9245.22122,40827.55677,P4 · MANUTENÇÃO / REFERÊNCIA
412,0,C00 · Ticket Premium / Mix Caro,d,c,9102.12220,6444.51930,7719.78650,5368.82075,-0.15187,19.00000,0.93728,0.01225,9213.59589,40687.89706,P4 · MANUTENÇÃO / REFERÊNCIA
1019,0,C00 · Ticket Premium / Mix Caro,d,c,9071.00480,6444.51930,7719.78650,5368.82075,-0.14896,20.00000,0.93380,0.01225,9182.09740,40548.79746,P4 · MANUTENÇÃO / REFERÊNCIA
71,0,C00 · Ticket Premium / Mix Caro,a,a,9061.09760,6444.51930,7719.78650,5368.82075,-0.14803,21.00000,0.93031,0.01225,9172.06886,40504.51074,P4 · MANUTENÇÃO / REFERÊNCIA
515,0,C00 · Ticket Premium / Mix Caro,d,c,9058.15280,6444.51930,7719.78650,5368.82075,-0.14775,22.00000,0.92683,0.01225,9169.08800,40491.34703,P4 · MANUTENÇÃO / REFERÊNCIA
574,0,C00 · Ticket Premium / Mix Caro,d,a,8898.21750,6444.51930,7719.78650,5368.82075,-0.13243,23.00000,0.92334,0.01225,9007.19397,39776.41145,P4 · MANUTENÇÃO / REFERÊNCIA
279,0,C00 · Ticket Premium / Mix Caro,d,c,8881.08990,6444.51930,7719.78650,5368.82075,-0.13076,24.00000,0.91986,0.01225,8989.85661,39699.84842,P4 · MANUTENÇÃO / REFERÊNCIA
1010,0,C00 · Ticket Premium / Mix Caro,d,c,8874.15690,6444.51930,7719.78650,5368.82075,-0.13008,25.00000,0.91638,0.01225,8982.83870,39668.85684,P4 · MANUTENÇÃO / REFERÊNCIA
826,0,C00 · Ticket Premium / Mix Caro,a,c,8839.18690,6444.51930,7719.78650,5368.82075,-0.12664,26.00000,0.91289,0.01225,8947.44042,39512.53552,P4 · MANUTENÇÃO / REFERÊNCIA
372,0,C00 · Ticket Premium / Mix Caro,d,c,8786.20670,6444.51930,7719.78650,5368.82075,-0.12137,27.00000,0.90941,0.01225,8893.81137,39275.70581,P4 · MANUTENÇÃO / REFERÊNCIA
154,0,C00 · Ticket Premium / Mix Caro,d,c,8737.57360,6444.51930,7719.78650,5368.82075,-0.11648,28.00000,0.90592,0.01225,8844.58266,39058.30832,P4 · MANUTENÇÃO / REFERÊNCIA
637,0,C00 · Ticket Premium / Mix Caro,d,c,8707.26370,6444.51930,7719.78650,5368.82075,-0.11341,29.00000,0.90244,0.01225,8813.90156,38922.81836,P4 · MANUTENÇÃO / REFERÊNCIA
1046,0,C00 · Ticket Premium / Mix Caro,d,c,8698.35380,6444.51930,7719.78650,5368.82075,-0.11250,30.00000,0.89895,0.01225,8804.88254,38882.98973,P4 · MANUTENÇÃO / REFERÊNCIA
775,0,C00 · Ticket Premium / Mix Caro,d,c,8690.88910,6444.51930,7719.78650,5368.82075,-0.11174,31.00000,0.89547,0.01225,8797.32642,38849.62136,P4 · MANUTENÇÃO / REFERÊNCIA
1079,0,C00 · Ticket Premium / Mix Caro,a,a,8685.31240,6444.51930,7719.78650,5368.82075,-0.11117,32.00000,0.89199,0.01225,8791.68142,38824.69265,P4 · MANUTENÇÃO / REFERÊNCIA
229,0,C00 · Ticket Premium / Mix Caro,d,c,8645.36330,6444.51930,7719.78650,5368.82075,-0.10706,33.00000,0.88850,0.01225,8751.24306,38646.11398,P4 · MANUTENÇÃO / REFERÊNCIA
430,0,C00 · Ticket Premium / Mix Caro,d,c,8632.47110,6444.51930,7719.78650,5368.82075,-0.10573,34.00000,0.88502,0.01225,8738.19297,38588.48385,P4 · MANUTENÇÃO / REFERÊNCIA
247,0,C00 · Ticket Premium / Mix Caro,d,c,8576.71060,6444.51930,7719.78650,5368.82075,-0.09991,35.00000,0.88153,0.01225,8681.74957,38339.22577,P4 · MANUTENÇÃO / REFERÊNCIA
738,0,C00 · Ticket Premium / Mix Caro,d,c,8508.60080,6444.51930,7719.78650,5368.82075,-0.09271,36.00000,0.87805,0.01225,8612.80563,38034.76441,P4 · MANUTENÇÃO / REFERÊNCIA
765,0,C00 · Ticket Premium / Mix Caro,a,c,8506.86740,6444.51930,7719.78650,5368.82075,-0.09252,37.00000,0.87456,0.01225,8611.05101,38027.01584,P4 · MANUTENÇÃO / REFERÊNCIA
448,0,C00 · Ticket Premium / Mix Caro,a,c,8484.06550,6444.51930,7719.78650,5368.82075,-0.09008,38.00000,0.87108,0.01225,8587.96985,37925.08782,P4 · MANUTENÇÃO / REFERÊNCIA
814,0,C00 · Ticket Premium / Mix Caro,d,c,8476.76340,6444.51930,7719.78650,5368.82075,-0.08930,39.00000,0.86760,0.01225,8580.57832,37892.44630,P4 · MANUTENÇÃO / REFERÊNCIA
250,0,C00 · Ticket Premium / Mix Caro,d,a,8470.62360,6444.51930,7719.78650,5368.82075,-0.08864,40.00000,0.86411,0.01225,8574.36333,37865.00044,P4 · MANUTENÇÃO / REFERÊNCIA
507,0,C00 · Ticket Premium / Mix Caro,a,c,8455.77020,6444.51930,7719.78650,5368.82075,-0.08704,41.00000,0.86063,0.01225,8559.32802,37798.60344,P4 · MANUTENÇÃO / REFERÊNCIA
298,0,C00 · Ticket Premium / Mix Caro,d,a,8398.61740,6444.51930,7719.78650,5368.82075,-0.08083,42.00000,0.85714,0.01225,8501.47527,37543.12156,P4 · MANUTENÇÃO / REFERÊNCIA
354,0,C00 · Ticket Premium / Mix Caro,d,c,8390.58150,6444.51930,7719.78650,5368.82075,-0.07995,43.00000,0.85366,0.01225,8493.34095,37507.19985,P4 · MANUTENÇÃO / REFERÊNCIA
687,0,C00 · Ticket Premium / Mix Caro,d,c,8372.46470,6444.51930,7719.78650,5368.82075,-0.07796,44.00000,0.85017,0.01225,8475.00228,37426.21494,P4 · MANUTENÇÃO / REFERÊNCIA
691,0,C00 · Ticket Premium / Mix Caro,d,c,8371.01160,6444.51930,7719.78650,5368.82075,-0.07780,45.00000,0.84669,0.01225,8473.53138,37419.71936,P4 · MANUTENÇÃO / REFERÊNCIA
394,0,C00 · Ticket Premium / Mix Caro,d,a,8353.24580,6444.51930,7719.78650,5368.82075,-0.07583,46.00000,0.84321,0.01225,8455.54800,37340.30348,P4 · MANUTENÇÃO / REFERÊNCIA
1091,0,C00 · Ticket Premium / Mix Caro,a,c,8276.34570,6444.51930,7719.78650,5368.82075,-0.06725,47.00000,0.83972,0.01225,8377.70611,36996.54811,P4 · MANUTENÇÃO / REFERÊNCIA
522,0,C00 · Ticket Premium / Mix Caro,d,c,8222.88920,6444.51930,7719.78650,5368.82075,-0.06118,48.00000,0.83624,0.01225,8323.59492,36757.58927,P4 · MANUTENÇÃO / REFERÊNCIA
578,0,C00 · Ticket Premium / Mix Caro,d,a,8164.39180,6444.51930,7719.78650,5368.82075,-0.05446,49.00000,0.83275,0.01225,8264.38111,36496.09683,P4 · MANUTENÇÃO / REFERÊNCIA
158,0,C00 · Ticket Premium / Mix Caro,d,c,8156.86520,6444.51930,7719.78650,5368.82075,-0.05358,50.00000,0.82927,0.01225,8256.76233,36462.45176,P4 · MANUTENÇÃO / REFERÊNCIA
213,0,C00 · Ticket Premium / Mix Caro,d,c,8131.04110,6444.51930,7719.78650,5368.82075,-0.05058,51.00000,0.82578,0.01225,8230.62196,36347.01403,P4 · MANUTENÇÃO / REFERÊNCIA
982,0,C00 · Ticket Premium / Mix Caro,d,a,8058.27950,6444.51930,7719.78650,5368.82075,-0.04201,52.00000,0.82230,0.01225,8156.96925,36021.75840,P4 · MANUTENÇÃO / REFERÊNCIA
655,0,C00 · Ticket Premium / Mix Caro,d,c,8031.71120,6444.51930,7719.78650,5368.82075,-0.03884,53.00000,0.81882,0.01225,8130.07557,35902.99398,P4 · MANUTENÇÃO / REFERÊNCIA
386,0,C00 · Ticket Premium / Mix Caro,d,c,8029.54170,6444.51930,7719.78650,5368.82075,-0.03858,54.00000,0.81533,0.01225,8127.87950,35893.29598,P4 · MANUTENÇÃO / REFERÊNCIA
747,0,C00 · Ticket Premium / Mix Caro,c,c,8027.14620,6444.51930,7719.78650,5368.82075,-0.03829,55.00000,0.81185,0.01225,8125.45466,35882.58772,P4 · MANUTENÇÃO / REFERÊNCIA
888,0,C00 · Ticket Premium / Mix Caro,d,a,7998.74110,6444.51930,7719.78650,5368.82075,-0.03487,56.00000,0.80836,0.01225,8096.70168,35755.61252,P4 · MANUTENÇÃO / REFERÊNCIA
382,0,C00 · Ticket Premium / Mix Caro,c,c,7985.84740,6444.51930,7719.78650,5368.82075,-0.03332,57.00000,0.80488,0.01225,8083.65007,35697.97568,P4 · MANUTENÇÃO / REFERÊNCIA
100,0,C00 · Ticket Premium / Mix Caro,d,a,7964.41250,6444.51930,7719.78650,5368.82075,-0.03071,58.00000,0.80139,0.01225,8061.95266,35602.15836,P4 · MANUTENÇÃO / REFERÊNCIA
604,0,C00 · Ticket Premium / Mix Caro,d,a,7963.98870,6444.51930,7719.78650,5368.82075,-0.03066,59.00000,0.79791,0.01225,8061.52367,35600.26391,P4 · MANUTENÇÃO / REFERÊNCIA
199,0,C00 · Ticket Premium / Mix Caro,d,c,7955.69700,6444.51930,7719.78650,5368.82075,-0.02965,60.00000,0.79443,0.01225,8053.13042,35563.19872,P4 · MANUTENÇÃO / REFERÊNCIA
228,0,C00 · Ticket Premium / Mix Caro,d,c,7946.13990,6444.51930,7719.78650,5368.82075,-0.02849,61.00000,0.79094,0.01225,8043.45628,35520.47700,P4 · MANUTENÇÃO / REFERÊNCIA
677,0,C00 · Ticket Premium / Mix Caro,d,a,7938.98230,6444.51930,7719.78650,5368.82075,-0.02761,62.00000,0.78746,0.01225,8036.21102,35488.48142,P4 · MANUTENÇÃO / REFERÊNCIA
54,0,C00 · Ticket Premium / Mix Caro,d,c,7907.53890,6444.51930,7719.78650,5368.82075,-0.02374,63.00000,0.78397,0.01225,8004.38253,35347.92455,P4 · MANUTENÇÃO / REFERÊNCIA
146,0,C00 · Ticket Premium / Mix Caro,d,c,7812.83060,6444.51930,7719.78650,5368.82075,-0.01191,64.00000,0.78049,0.01225,7908.51434,34924.56377,P4 · MANUTENÇÃO / REFERÊNCIA
118,0,C00 · Ticket Premium / Mix Caro,d,c,7781.60610,6444.51930,7719.78650,5368.82075,-0.00794,65.00000,0.77700,0.01225,7876.90743,34784.98542,P4 · MANUTENÇÃO / REFERÊNCIA
620,0,C00 · Ticket Premium / Mix Caro,d,c,7773.76690,6444.51930,7719.78650,5368.82075,-0.00694,66.00000,0.77352,0.01225,7868.97222,34749.94298,P4 · MANUTENÇÃO / REFERÊNCIA
162,0,C00 · Ticket Premium / Mix Caro,d,c,7768.13190,6444.51930,7719.78650,5368.82075,-0.00622,67.00000,0.77003,0.01225,7863.26821,34724.75365,P4 · MANUTENÇÃO / REFERÊNCIA
465,0,C00 · Ticket Premium / Mix Caro,d,c,7762.80670,6444.51930,7719.78650,5368.82075,-0.00554,68.00000,0.76655,0.01225,7857.87779,34700.94918,P4 · MANUTENÇÃO / REFERÊNCIA
159,0,C00 · Ticket Premium / Mix Caro,d,a,7748.60830,6444.51930,7719.78650,5368.82075,-0.00372,69.00000,0.76307,0.01225,7843.50551,34637.48014,P4 · MANUTENÇÃO / REFERÊNCIA
571,0,C00 · Ticket Premium / Mix Caro,d,a,7742.75080,6444.51930,7719.78650,5368.82075,-0.00297,70.00000,0.75958,0.01225,7837.57627,34611.29620,P4 · MANUTENÇÃO / REFERÊNCIA
822,0,C00 · Ticket Premium / Mix Caro,a,c,7737.66450,6444.51930,7719.78650,5368.82075,-0.00231,71.00000,0.75610,0.01225,7832.42768,34588.55965,P4 · MANUTENÇÃO / REFERÊNCIA
684,0,C00 · Ticket Premium / Mix Caro,d,c,7721.36660,6444.51930,7719.78650,5368.82075,-0.00020,72.00000,0.75261,0.01225,7815.93018,34515.70551,P4 · MANUTENÇÃO / REFERÊNCIA
144,0,C00 · Ticket Premium / Mix Caro,a,c,7718.20640,6444.51930,7719.78650,5368.82075,0.00020,73.00000,0.74913,0.01225,7812.73127,34501.57893,P3 · ACOMPANHAMENTO
484,0,C00 · Ticket Premium / Mix Caro,a,c,7717.66960,6444.51930,7719.78650,5368.82075,0.00027,74.00000,0.74564,0.01225,7812.18790,34499.17935,P3 · ACOMPANHAMENTO
629,0,C00 · Ticket Premium / Mix Caro,d,a,7652.73950,6444.51930,7719.78650,5368.82075,0.00876,75.00000,0.74216,0.01225,7746.46260,34208.93174,P3 · ACOMPANHAMENTO
370,0,C00 · Ticket Premium / Mix Caro,d,a,7649.64310,6444.51930,7719.78650,5368.82075,0.00917,76.00000,0.73868,0.01225,7743.32828,34195.09035,P3 · ACOMPANHAMENTO
77,0,C00 · Ticket Premium / Mix Caro,d,c,7621.48910,6444.51930,7719.78650,5368.82075,0.01290,77.00000,0.73519,0.01225,7714.82948,34069.23761,P3 · ACOMPANHAMENTO
80,0,C00 · Ticket Premium / Mix Caro,d,a,7616.27340,6444.51930,7719.78650,5368.82075,0.01359,78.00000,0.73171,0.01225,7709.54990,34045.92262,P3 · ACOMPANHAMENTO
865,0,C00 · Ticket Premium / Mix Caro,d,c,7566.58410,6444.51930,7719.78650,5368.82075,0.02025,79.00000,0.72822,0.01225,7659.25206,33823.80375,P3 · ACOMPANHAMENTO
318,0,C00 · Ticket Premium / Mix Caro,d,c,7527.71670,6444.51930,7719.78650,5368.82075,0.02552,80.00000,0.72474,0.01225,7619.90865,33650.06045,P3 · ACOMPANHAMENTO
534,0,C00 · Ticket Premium / Mix Caro,d,a,7519.55700,6444.51930,7719.78650,5368.82075,0.02663,81.00000,0.72125,0.01225,7611.64901,33613.58532,P3 · ACOMPANHAMENTO
128,0,C00 · Ticket Premium / Mix Caro,d,c,7454.67220,6444.51930,7719.78650,5368.82075,0.03556,82.00000,0.71777,0.01225,7545.96957,33323.54021,P3 · ACOMPANHAMENTO
790,0,C00 · Ticket Premium / Mix Caro,d,c,7453.02180,6444.51930,7719.78650,5368.82075,0.03579,83.00000,0.71429,0.01225,7544.29896,33316.16266,P3 · ACOMPANHAMENTO
52,0,C00 · Ticket Premium / Mix Caro,d,c,7407.94530,6444.51930,7719.78650,5368.82075,0.04210,84.00000,0.71080,0.01225,7498.67041,33114.66372,P3 · ACOMPANHAMENTO
1050,0,C00 · Ticket Premium / Mix Caro,d,c,7389.51470,6444.51930,7719.78650,5368.82075,0.04469,85.00000,0.70732,0.01225,7480.01409,33032.27608,P3 · ACOMPANHAMENTO
1061,0,C00 · Ticket Premium / Mix Caro,d,c,7378.33980,6444.51930,7719.78650,5368.82075,0.04628,86.00000,0.70383,0.01247,7470.31081,33569.41705,P3 · ACOMPANHAMENTO
115,0,C00 · Ticket Premium / Mix Caro,d,c,7371.68970,6444.51930,7719.78650,5368.82075,0.04722,87.00000,0.70035,0.01271,7465.37650,34195.68361,P3 · ACOMPANHAMENTO
455,0,C00 · Ticket Premium / Mix Caro,d,c,7371.39120,6444.51930,7719.78650,5368.82075,0.04726,88.00000,0.69686,0.01281,7465.79661,34457.97359,P3 · ACOMPANHAMENTO
323,0,C00 · Ticket Premium / Mix Caro,d,c,7365.35940,6444.51930,7719.78650,5368.82075,0.04812,89.00000,0.69338,0.01304,7461.41842,35061.54131,P3 · ACOMPANHAMENTO
29,0,C00 · Ticket Premium / Mix Caro,d,c,7364.77540,6444.51930,7719.78650,5368.82075,0.04820,90.00000,0.68990,0.01315,7461.60747,35343.70444,P3 · ACOMPANHAMENTO
385,0,C00 · Ticket Premium / Mix Caro,d,a,7348.51930,6444.51930,7719.78650,5368.82075,0.05052,91.00000,0.68641,0.01364,7448.76045,36588.02040,P3 · ACOMPANHAMENTO
56,0,C00 · Ticket Premium / Mix Caro,d,c,7321.75420,6444.51930,7719.78650,5368.82075,0.05436,92.00000,0.68293,0.01441,7427.23871,38501.84716,P3 · ACOMPANHAMENTO
49,0,C00 · Ticket Premium / Mix Caro,d,c,7304.11330,6444.51930,7719.78650,5368.82075,0.05691,93.00000,0.67944,0.01496,7413.38283,39883.38026,P3 · ACOMPANHAMENTO
808,0,C00 · Ticket Premium / Mix Caro,a,a,7291.13330,6444.51930,7719.78650,5368.82075,0.05879,94.00000,0.67596,0.01541,7403.45321,40996.76660,P3 · ACOMPANHAMENTO
926,0,C00 · Ticket Premium / Mix Caro,d,c,7260.58790,6444.51930,7719.78650,5368.82075,0.06325,95.00000,0.67247,0.01632,7379.08069,43249.87000,P3 · ACOMPANHAMENTO
937,0,C00 · Ticket Premium / Mix Caro,d,a,7232.90010,6444.51930,7719.78650,5368.82075,0.06732,96.00000,0.66899,0.01718,7357.17579,45360.62667,P3 · ACOMPANHAMENTO
901,0,C00 · Ticket Premium / Mix Caro,a,c,7231.04210,6444.51930,7719.78650,5368.82075,0.06759,97.00000,0.66551,0.01736,7356.58745,45824.05382,P3 · ACOMPANHAMENTO
338,0,C00 · Ticket Premium / Mix Caro,a,c,7217.95390,6444.51930,7719.78650,5368.82075,0.06953,98.00000,0.66202,0.01785,7346.80160,47029.40870,P3 · ACOMPANHAMENTO
633,0,C00 · Ticket Premium / Mix Caro,d,a,7207.21700,6444.51930,7719.78650,5368.82075,0.07112,99.00000,0.65854,0.01828,7338.98655,48095.88517,P3 · ACOMPANHAMENTO
343,0,C00 · Ticket Premium / Mix Caro,d,a,7199.36590,6444.51930,7719.78650,5368.82075,0.07229,100.00000,0.65505,0.01864,7333.56928,48984.23361,P3 · ACOMPANHAMENTO
113,0,C00 · Ticket Premium / Mix Caro,d,c,7199.07720,6444.51930,7719.78650,5368.82075,0.07233,101.00000,0.65157,0.01879,7334.33346,49368.53579,P3 · ACOMPANHAMENTO
185,0,C00 · Ticket Premium / Mix Caro,d,c,7170.61730,6444.51930,7719.78650,5368.82075,0.07659,102.00000,0.64808,0.01975,7312.23699,51691.18746,P3 · ACOMPANHAMENTO
661,0,C00 · Ticket Premium / Mix Caro,d,c,7166.54040,6444.51930,7719.78650,5368.82075,0.07720,103.00000,0.64460,0.02002,7309.99304,52360.21330,P3 · ACOMPANHAMENTO
673,0,C00 · Ticket Premium / Mix Caro,d,c,7126.01800,6444.51930,7719.78650,5368.82075,0.08332,104.00000,0.64111,0.02137,7278.32951,55593.70069,P3 · ACOMPANHAMENTO
94,0,C00 · Ticket Premium / Mix Caro,d,c,7121.14380,6444.51930,7719.78650,5368.82075,0.08407,105.00000,0.63763,0.02168,7275.53732,56353.63434,P3 · ACOMPANHAMENTO
471,0,C00 · Ticket Premium / Mix Caro,d,a,7109.75240,6444.51930,7719.78650,5368.82075,0.08580,106.00000,0.63415,0.02219,7267.53203,57589.56322,P3 · ACOMPANHAMENTO
553,0,C00 · Ticket Premium / Mix Caro,c,a,7038.59850,6444.51930,7719.78650,5368.82075,0.09678,107.00000,0.63066,0.02459,7211.64948,63163.60869,P3 · ACOMPANHAMENTO
723,0,C00 · Ticket Premium / Mix Caro,d,c,7032.10370,6444.51930,7719.78650,5368.82075,0.09779,108.00000,0.62718,0.02498,7207.75862,64114.04519,P3 · ACOMPANHAMENTO
605,0,C00 · Ticket Premium / Mix Caro,d,a,7026.73520,6444.51930,7719.78650,5368.82075,0.09863,109.00000,0.62369,0.02534,7204.79267,64990.97654,P3 · ACOMPANHAMENTO
980,0,C00 · Ticket Premium / Mix Caro,a,a,7019.61620,6444.51930,7719.78650,5368.82075,0.09974,110.00000,0.62021,0.02576,7200.45555,66006.36368,P3 · ACOMPANHAMENTO
666,0,C00 · Ticket Premium / Mix Caro,c,c,7016.61000,6444.51930,7719.78650,5368.82075,0.10022,111.00000,0.61672,0.02605,7199.41374,66723.36522,P3 · ACOMPANHAMENTO
350,0,C00 · Ticket Premium / Mix Caro,d,a,7013.13320,6444.51930,7719.78650,5368.82075,0.10076,112.00000,0.61324,0.02636,7198.00640,67478.71956,P3 · ACOMPANHAMENTO
600,0,C00 · Ticket Premium / Mix Caro,d,c,6996.61730,6444.51930,7719.78650,5368.82075,0.10336,113.00000,0.60976,0.02711,7186.30959,69237.68521,P3 · ACOMPANHAMENTO
81,0,C00 · Ticket Premium / Mix Caro,a,a,6985.68810,6444.51930,7719.78650,5368.82075,0.10509,114.00000,0.60627,0.02768,7179.07290,70585.45334,P3 · ACOMPANHAMENTO
740,0,C00 · Ticket Premium / Mix Caro,d,a,6978.17670,6444.51930,7719.78650,5368.82075,0.10628,115.00000,0.60279,0.02814,7174.57748,71686.28588,P3 · ACOMPANHAMENTO
309,0,C00 · Ticket Premium / Mix Caro,d,a,6971.31960,6444.51930,7719.78650,5368.82075,0.10736,116.00000,0.59930,0.02859,7170.61568,72743.07092,P3 · ACOMPANHAMENTO
943,0,C00 · Ticket Premium / Mix Caro,d,c,6969.18360,6444.51930,7719.78650,5368.82075,0.10770,117.00000,0.59582,0.02887,7170.37696,73435.57689,P3 · ACOMPANHAMENTO
63,0,C00 · Ticket Premium / Mix Caro,c,c,6956.38780,6444.51930,7719.78650,5368.82075,0.10974,118.00000,0.59233,0.02953,7161.83080,74986.69533,P3 · ACOMPANHAMENTO
711,0,C00 · Ticket Premium / Mix Caro,d,a,6914.39170,6444.51930,7719.78650,5368.82075,0.11648,119.00000,0.58885,0.03127,7130.58399,78910.18413,P3 · ACOMPANHAMENTO
887,0,C00 · Ticket Premium / Mix Caro,d,a,6896.30350,6444.51930,7719.78650,5368.82075,0.11941,120.00000,0.58537,0.03216,7118.07483,80946.53470,P3 · ACOMPANHAMENTO
371,0,C00 · Ticket Premium / Mix Caro,d,c,6889.75670,6444.51930,7719.78650,5368.82075,0.12047,121.00000,0.58188,0.03263,7114.58324,82061.68733,P3 · ACOMPANHAMENTO
572,0,C00 · Ticket Premium / Mix Caro,d,c,6888.75000,6444.51930,7719.78650,5368.82075,0.12064,122.00000,0.57840,0.03290,7115.38987,82723.55437,P3 · ACOMPANHAMENTO
1048,0,C00 · Ticket Premium / Mix Caro,d,c,6887.16860,6444.51930,7719.78650,5368.82075,0.12089,123.00000,0.57491,0.03319,7115.76750,83438.59856,P3 · ACOMPANHAMENTO
866,0,C00 · Ticket Premium / Mix Caro,d,a,6873.39180,6444.51930,7719.78650,5368.82075,0.12314,124.00000,0.57143,0.03395,7106.76407,85180.87920,P3 · ACOMPANHAMENTO
369,0,C00 · Ticket Premium / Mix Caro,d,c,6856.55950,6444.51930,7719.78650,5368.82075,0.12590,125.00000,0.56794,0.03484,7095.46946,87202.13511,P3 · ACOMPANHAMENTO
359,0,C00 · Ticket Premium / Mix Caro,d,c,6851.25550,6444.51930,7719.78650,5368.82075,0.12677,126.00000,0.56446,0.03529,7093.06371,88259.99724,P3 · ACOMPANHAMENTO
802,0,C00 · Ticket Premium / Mix Caro,a,c,6841.07530,6444.51930,7719.78650,5368.82075,0.12845,127.00000,0.56098,0.03594,7086.95723,89746.90388,P3 · ACOMPANHAMENTO
618,0,C00 · Ticket Premium / Mix Caro,d,c,6830.57870,6444.51930,7719.78650,5368.82075,0.13018,128.00000,0.55749,0.03661,7080.64619,91274.63247,P3 · ACOMPANHAMENTO
346,0,C00 · Ticket Premium / Mix Caro,a,c,6830.50060,6444.51930,7719.78650,5368.82075,0.13019,129.00000,0.55401,0.03686,7082.29334,91904.35142,P3 · ACOMPANHAMENTO
43,0,C00 · Ticket Premium / Mix Caro,d,a,6822.91400,6444.51930,7719.78650,5368.82075,0.13145,130.00000,0.55052,0.03742,7078.24791,93196.87738,P3 · ACOMPANHAMENTO
612,0,C00 · Ticket Premium / Mix Caro,d,c,6816.08830,6444.51930,7719.78650,5368.82075,0.13258,131.00000,0.54704,0.03796,7074.80656,94432.16622,P3 · ACOMPANHAMENTO
111,0,C00 · Ticket Premium / Mix Caro,d,c,6771.74520,6444.51930,7719.78650,5368.82075,0.14000,132.00000,0.54355,0.04007,7043.10935,99047.91307,P3 · ACOMPANHAMENTO
491,0,C00 · Ticket Premium / Mix Caro,d,c,6746.46200,6444.51930,7719.78650,5368.82075,0.14427,133.00000,0.54007,0.04142,7025.91395,101999.96137,P3 · ACOMPANHAMENTO
960,0,C00 · Ticket Premium / Mix Caro,d,a,6723.60050,6444.51930,7719.78650,5368.82075,0.14816,134.00000,0.53659,0.04269,7010.63101,104766.13445,P3 · ACOMPANHAMENTO
503,0,C00 · Ticket Premium / Mix Caro,d,c,6698.19870,6444.51930,7719.78650,5368.82075,0.15252,135.00000,0.53310,0.04409,6993.53568,107797.99663,P3 · ACOMPANHAMENTO
51,0,C00 · Ticket Premium / Mix Caro,a,c,6675.28620,6444.51930,7719.78650,5368.82075,0.15647,136.00000,0.52962,0.04541,6978.39760,110635.65946,P3 · ACOMPANHAMENTO
26,0,C00 · Ticket Premium / Mix Caro,d,a,6671.69570,6444.51930,7719.78650,5368.82075,0.15710,137.00000,0.52613,0.04587,6977.72638,111701.19884,P3 · ACOMPANHAMENTO
224,0,C00 · Ticket Premium / Mix Caro,d,c,6629.74900,6444.51930,7719.78650,5368.82075,0.16442,138.00000,0.52265,0.04809,6948.59352,116378.24931,P3 · ACOMPANHAMENTO
184,0,C00 · Ticket Premium / Mix Caro,d,c,6594.29730,6444.51930,7719.78650,5368.82075,0.17068,139.00000,0.51916,0.05006,6924.43420,120499.96851,P3 · ACOMPANHAMENTO
952,0,C00 · Ticket Premium / Mix Caro,d,c,6568.04820,6444.51930,7719.78650,5368.82075,0.17535,140.00000,0.51568,0.05164,6907.20250,123791.32129,P3 · ACOMPANHAMENTO
9,0,C00 · Ticket Premium / Mix Caro,a,c,6562.33760,6444.51930,7719.78650,5368.82075,0.17638,141.00000,0.51220,0.05225,6905.20661,125147.19045,P3 · ACOMPANHAMENTO
832,0,C00 · Ticket Premium / Mix Caro,d,a,6550.29320,6444.51930,7719.78650,5368.82075,0.17854,142.00000,0.50871,0.05317,6898.57229,127121.86765,P3 · ACOMPANHAMENTO
139,0,C00 · Ticket Premium / Mix Caro,a,a,6464.14950,6444.51930,7719.78650,5368.82075,0.19425,143.00000,0.50523,0.05779,6837.68684,136341.13020,P3 · ACOMPANHAMENTO
277,0,C00 · Ticket Premium / Mix Caro,d,c,6444.51930,6444.51930,7719.78650,5368.82075,0.19788,144.00000,0.50174,0.05915,6825.74484,139147.32180,P3 · ACOMPANHAMENTO
886,0,C00 · Ticket Premium / Mix Caro,a,c,6442.72400,6444.51930,7719.78650,5368.82075,0.19822,145.00000,0.49826,0.05963,6826.88430,140218.51094,P3 · ACOMPANHAMENTO
414,0,C00 · Ticket Premium / Mix Caro,d,c,6427.97700,6444.51930,7719.78650,5368.82075,0.20097,146.00000,0.49477,0.06077,6818.60516,142579.27924,P2 · AÇÃO PLANEJADA
712,0,C00 · Ticket Premium / Mix Caro,a,a,6421.44210,6444.51930,7719.78650,5368.82075,0.20219,147.00000,0.49129,0.06150,6816.34795,144140.63389,P2 · AÇÃO PLANEJADA
990,0,C00 · Ticket Premium / Mix Caro,d,a,6409.13460,6444.51930,7719.78650,5368.82075,0.20450,148.00000,0.48780,0.06253,6809.92983,146290.25976,P2 · AÇÃO PLANEJADA
915,0,C00 · Ticket Premium / Mix Caro,d,c,6338.10770,6444.51930,7719.78650,5368.82075,0.21800,149.00000,0.48432,0.06676,6761.21442,154433.95193,P2 · AÇÃO PLANEJADA
58,0,C00 · Ticket Premium / Mix Caro,a,c,6336.15890,6444.51930,7719.78650,5368.82075,0.21837,150.00000,0.48084,0.06728,6762.45567,155598.32134,P2 · AÇÃO PLANEJADA
289,0,C00 · Ticket Premium / Mix Caro,d,a,6321.22790,6444.51930,7719.78650,5368.82075,0.22125,151.00000,0.47735,0.06853,6754.39636,158106.48902,P2 · AÇÃO PLANEJADA
215,0,C00 · Ticket Premium / Mix Caro,d,a,6313.49280,6444.51930,7719.78650,5368.82075,0.22274,152.00000,0.47387,0.06938,6751.54187,159887.91089,P2 · AÇÃO PLANEJADA
1115,0,C00 · Ticket Premium / Mix Caro,d,c,6302.46990,6444.51930,7719.78650,5368.82075,0.22488,153.00000,0.47038,0.07043,6746.37176,162024.17980,P2 · AÇÃO PLANEJADA
428,0,C00 · Ticket Premium / Mix Caro,d,a,6287.50480,6444.51930,7719.78650,5368.82075,0.22780,154.00000,0.46690,0.07172,6738.43836,164590.74821,P2 · AÇÃO PLANEJADA
132,0,C00 · Ticket Premium / Mix Caro,d,c,6283.25560,6444.51930,7719.78650,5368.82075,0.22863,155.00000,0.46341,0.07240,6738.16331,166041.31249,P2 · AÇÃO PLANEJADA
280,0,C00 · Ticket Premium / Mix Caro,d,c,6267.48910,6444.51930,7719.78650,5368.82075,0.23172,156.00000,0.45993,0.07376,6729.75403,168726.69801,P2 · AÇÃO PLANEJADA
871,0,C00 · Ticket Premium / Mix Caro,d,c,6260.49810,6444.51930,7719.78650,5368.82075,0.23309,157.00000,0.45645,0.07461,6727.60638,170494.52375,P2 · AÇÃO PLANEJADA
542,0,C00 · Ticket Premium / Mix Caro,a,a,6246.64150,6444.51930,7719.78650,5368.82075,0.23583,158.00000,0.45296,0.07588,6720.64290,173010.51234,P2 · AÇÃO PLANEJADA
415,0,C00 · Ticket Premium / Mix Caro,d,c,6234.83460,6444.51930,7719.78650,5368.82075,0.23817,159.00000,0.44948,0.07704,6715.17873,175325.60645,P2 · AÇÃO PLANEJADA
757,0,C00 · Ticket Premium / Mix Caro,a,c,6219.78760,6444.51930,7719.78650,5368.82075,0.24117,160.00000,0.44599,0.07841,6707.48737,178010.41441,P2 · AÇÃO PLANEJADA
477,0,C00 · Ticket Premium / Mix Caro,d,a,6213.68810,6444.51930,7719.78650,5368.82075,0.24238,161.00000,0.44251,0.07925,6706.10424,179731.89141,P2 · AÇÃO PLANEJADA
763,0,C00 · Ticket Premium / Mix Caro,d,c,6125.25130,6444.51930,7719.78650,5368.82075,0.26032,162.00000,0.43902,0.08525,6647.40447,190585.90790,P2 · AÇÃO PLANEJADA
766,0,C00 · Ticket Premium / Mix Caro,d,c,6123.94370,6444.51930,7719.78650,5368.82075,0.26059,163.00000,0.43554,0.08583,6649.54954,191846.13156,P2 · AÇÃO PLANEJADA
66,0,C00 · Ticket Premium / Mix Caro,d,a,6114.36040,6444.51930,7719.78650,5368.82075,0.26257,164.00000,0.43206,0.08694,6645.97346,194038.76872,P2 · AÇÃO PLANEJADA
819,0,C00 · Ticket Premium / Mix Caro,a,c,6091.10080,6444.51930,7719.78650,5368.82075,0.26739,165.00000,0.42857,0.08896,6632.98340,197787.14917,P2 · AÇÃO PLANEJADA
805,0,C00 · Ticket Premium / Mix Caro,d,a,6084.22830,6444.51930,7719.78650,5368.82075,0.26882,166.00000,0.42509,0.08993,6631.37078,199707.00614,P2 · AÇÃO PLANEJADA
202,0,C00 · Ticket Premium / Mix Caro,d,c,6065.79770,6444.51930,7719.78650,5368.82075,0.27267,167.00000,0.42160,0.09167,6621.84938,202958.86143,P2 · AÇÃO PLANEJADA
942,0,C00 · Ticket Premium / Mix Caro,d,c,6058.36490,6444.51930,7719.78650,5368.82075,0.27424,168.00000,0.41812,0.09269,6619.92686,204970.11515,P2 · AÇÃO PLANEJADA
1012,0,C00 · Ticket Premium / Mix Caro,d,c,6049.71060,6444.51930,7719.78650,5368.82075,0.27606,169.00000,0.41463,0.09380,6617.19765,207132.77439,P2 · AÇÃO PLANEJADA
803,0,C00 · Ticket Premium / Mix Caro,d,a,6047.67880,6444.51930,7719.78650,5368.82075,0.27649,170.00000,0.41115,0.09447,6619.01511,208537.75373,P2 · AÇÃO PLANEJADA
351,0,C00 · Ticket Premium / Mix Caro,a,a,6046.86780,6444.51930,7719.78650,5368.82075,0.27666,171.00000,0.40767,0.09506,6621.67096,209803.15316,P2 · AÇÃO PLANEJADA
1015,0,C00 · Ticket Premium / Mix Caro,d,c,6040.02950,6444.51930,7719.78650,5368.82075,0.27810,172.00000,0.40418,0.09606,6620.24681,211779.31955,P2 · AÇÃO PLANEJADA
746,0,C00 · Ticket Premium / Mix Caro,d,c,6039.54930,6444.51930,7719.78650,5368.82075,0.27821,173.00000,0.40070,0.09663,6623.13887,213010.19296,P2 · AÇÃO PLANEJADA
227,0,C00 · Ticket Premium / Mix Caro,a,a,6028.29730,6444.51930,7719.78650,5368.82075,0.28059,174.00000,0.39721,0.09795,6618.78108,215526.57865,P2 · AÇÃO PLANEJADA
904,0,C00 · Ticket Premium / Mix Caro,d,c,6016.75720,6444.51930,7719.78650,5368.82075,0.28305,175.00000,0.39373,0.09931,6614.27534,218094.12138,P2 · AÇÃO PLANEJADA
638,0,C00 · Ticket Premium / Mix Caro,d,a,6009.60520,6444.51930,7719.78650,5368.82075,0.28457,176.00000,0.39024,0.10036,6612.75322,220149.02595,P2 · AÇÃO PLANEJADA
550,0,C00 · Ticket Premium / Mix Caro,d,c,5973.62740,6444.51930,7719.78650,5368.82075,0.29231,177.00000,0.38676,0.10352,6592.00536,225707.95584,P2 · AÇÃO PLANEJADA
321,0,C00 · Ticket Premium / Mix Caro,c,c,5958.31790,6444.51930,7719.78650,5368.82075,0.29563,178.00000,0.38328,0.10493,6583.50632,228193.77414,P2 · AÇÃO PLANEJADA
135,0,C00 · Ticket Premium / Mix Caro,d,a,5952.41610,6444.51930,7719.78650,5368.82075,0.29692,179.00000,0.37979,0.10493,6576.98526,227967.74491,P2 · AÇÃO PLANEJADA
174,0,C00 · Ticket Premium / Mix Caro,a,a,5936.54020,6444.51930,7719.78650,5368.82075,0.30038,180.00000,0.37631,0.10493,6559.44355,227359.72405,P2 · AÇÃO PLANEJADA
810,0,C00 · Ticket Premium / Mix Caro,d,c,5930.42110,6444.51930,7719.78650,5368.82075,0.30173,181.00000,0.37282,0.10493,6552.68239,227125.37259,P2 · AÇÃO PLANEJADA
653,0,C00 · Ticket Premium / Mix Caro,d,c,5915.50450,6444.51930,7719.78650,5368.82075,0.30501,182.00000,0.36934,0.10493,6536.20064,226554.09135,P2 · AÇÃO PLANEJADA
1038,0,C00 · Ticket Premium / Mix Caro,d,a,5897.26210,6444.51930,7719.78650,5368.82075,0.30905,183.00000,0.36585,0.10493,6516.04412,225855.43743,P2 · AÇÃO PLANEJADA
518,0,C00 · Ticket Premium / Mix Caro,d,c,5865.12360,6444.51930,7719.78650,5368.82075,0.31622,184.00000,0.36237,0.10493,6480.53342,224624.58575,P2 · AÇÃO PLANEJADA
281,0,C00 · Ticket Premium / Mix Caro,d,c,5860.61730,6444.51930,7719.78650,5368.82075,0.31723,185.00000,0.35889,0.10493,6475.55429,224452.00187,P2 · AÇÃO PLANEJADA
900,0,C00 · Ticket Premium / Mix Caro,a,a,5844.51290,6444.51930,7719.78650,5368.82075,0.32086,186.00000,0.35540,0.10493,6457.76011,223835.22985,P2 · AÇÃO PLANEJADA
221,0,C00 · Ticket Premium / Mix Caro,d,c,5821.83800,6444.51930,7719.78650,5368.82075,0.32601,187.00000,0.35192,0.10493,6432.70600,222966.81848,P2 · AÇÃO PLANEJADA
823,0,C00 · Ticket Premium / Mix Caro,a,c,5802.38390,6444.51930,7719.78650,5368.82075,0.33045,188.00000,0.34843,0.10493,6411.21064,222221.75845,P2 · AÇÃO PLANEJADA
611,0,C00 · Ticket Premium / Mix Caro,a,a,5792.30390,6444.51930,7719.78650,5368.82075,0.33277,189.00000,0.34495,0.10493,6400.07297,221835.71103,P2 · AÇÃO PLANEJADA
991,0,C00 · Ticket Premium / Mix Caro,a,a,5756.76510,6444.51930,7719.78650,5368.82075,0.34099,190.00000,0.34146,0.10493,6360.80519,220474.63345,P2 · AÇÃO PLANEJADA
1067,0,C00 · Ticket Premium / Mix Caro,d,c,5756.18650,6444.51930,7719.78650,5368.82075,0.34113,191.00000,0.33798,0.10493,6360.16588,220452.47402,P2 · AÇÃO PLANEJADA
547,0,C00 · Ticket Premium / Mix Caro,d,c,5752.49040,6444.51930,7719.78650,5368.82075,0.34199,192.00000,0.33449,0.10493,6356.08196,220310.91947,P2 · AÇÃO PLANEJADA
706,0,C00 · Ticket Premium / Mix Caro,d,a,5743.26530,6444.51930,7719.78650,5368.82075,0.34415,193.00000,0.33101,0.10493,6345.88890,219957.61332,P2 · AÇÃO PLANEJADA
748,0,C00 · Ticket Premium / Mix Caro,d,a,5737.67650,6444.51930,7719.78650,5368.82075,0.34546,194.00000,0.32753,0.10493,6339.71368,219743.57147,P2 · AÇÃO PLANEJADA
160,0,C00 · Ticket Premium / Mix Caro,d,c,5730.65810,6444.51930,7719.78650,5368.82075,0.34710,195.00000,0.32404,0.10493,6331.95886,219474.77830,P2 · AÇÃO PLANEJADA
890,0,C00 · Ticket Premium / Mix Caro,a,a,5729.58360,6444.51930,7719.78650,5368.82075,0.34736,196.00000,0.32056,0.10493,6330.77162,219433.62671,P2 · AÇÃO PLANEJADA
356,0,C00 · Ticket Premium / Mix Caro,d,c,5719.28190,6444.51930,7719.78650,5368.82075,0.34978,197.00000,0.31707,0.10493,6319.38899,219039.08855,P2 · AÇÃO PLANEJADA
716,0,C00 · Ticket Premium / Mix Caro,d,a,5717.08200,6444.51930,7719.78650,5368.82075,0.35030,198.00000,0.31359,0.10493,6316.95826,218954.83600,P2 · AÇÃO PLANEJADA
591,0,C00 · Ticket Premium / Mix Caro,a,c,5700.70530,6444.51930,7719.78650,5368.82075,0.35418,199.00000,0.31010,0.10493,6298.86321,218327.63533,P2 · AÇÃO PLANEJADA
935,0,C00 · Ticket Premium / Mix Caro,a,c,5650.70540,6444.51930,7719.78650,5368.82075,0.36616,200.00000,0.30662,0.10493,6243.61697,216412.72141,P2 · AÇÃO PLANEJADA
258,0,C00 · Ticket Premium / Mix Caro,a,a,5642.09650,6444.51930,7719.78650,5368.82075,0.36825,201.00000,0.30314,0.10493,6234.10476,216083.01470,P2 · AÇÃO PLANEJADA
288,0,C00 · Ticket Premium / Mix Caro,d,a,5625.73310,6444.51930,7719.78650,5368.82075,0.37223,202.00000,0.29965,0.10493,6216.02440,215456.32340,P2 · AÇÃO PLANEJADA
312,0,C00 · Ticket Premium / Mix Caro,d,a,5568.15750,6444.51930,7719.78650,5368.82075,0.38642,203.00000,0.29617,0.10493,6152.40756,213251.27263,P2 · AÇÃO PLANEJADA
149,0,C00 · Ticket Premium / Mix Caro,d,a,5567.48390,6444.51930,7719.78650,5368.82075,0.38658,204.00000,0.29268,0.10493,6151.66328,213225.47486,P2 · AÇÃO PLANEJADA
884,0,C00 · Ticket Premium / Mix Caro,d,c,5536.91000,6444.51930,7719.78650,5368.82075,0.39424,205.00000,0.28920,0.10493,6117.88136,212054.54478,P2 · AÇÃO PLANEJADA
564,0,C00 · Ticket Premium / Mix Caro,d,c,5528.11550,6444.51930,7719.78650,5368.82075,0.39646,206.00000,0.28571,0.10493,6108.16408,211717.72990,P2 · AÇÃO PLANEJADA
23,0,C00 · Ticket Premium / Mix Caro,d,a,5520.28110,6444.51930,7719.78650,5368.82075,0.39844,207.00000,0.28223,0.10493,6099.50763,211417.68527,P2 · AÇÃO PLANEJADA
833,0,C00 · Ticket Premium / Mix Caro,d,c,5511.35040,6444.51930,7719.78650,5368.82075,0.40071,208.00000,0.27875,0.10493,6089.63986,211075.65415,P2 · AÇÃO PLANEJADA
136,0,C00 · Ticket Premium / Mix Caro,a,c,5488.81830,6444.51930,7719.78650,5368.82075,0.40646,209.00000,0.27526,0.10493,6064.74354,210212.71178,P2 · AÇÃO PLANEJADA
782,0,C00 · Ticket Premium / Mix Caro,c,c,5488.79970,6444.51930,7719.78650,5368.82075,0.40646,210.00000,0.27178,0.10493,6064.72299,210211.99943,P2 · AÇÃO PLANEJADA
1104,0,C00 · Ticket Premium / Mix Caro,d,a,5461.43410,6444.51930,7719.78650,5368.82075,0.41351,211.00000,0.26829,0.10493,6034.48600,209163.94197,P2 · AÇÃO PLANEJADA
851,0,C00 · Ticket Premium / Mix Caro,d,c,5453.46300,6444.51930,7719.78650,5368.82075,0.41558,212.00000,0.26481,0.10493,6025.67851,208858.66195,P2 · AÇÃO PLANEJADA
451,0,C00 · Ticket Premium / Mix Caro,a,a,5439.32390,6444.51930,7719.78650,5368.82075,0.41925,213.00000,0.26132,0.10493,6010.05584,208317.15768,P2 · AÇÃO PLANEJADA
284,0,C00 · Ticket Premium / Mix Caro,d,a,5413.25080,6444.51930,7719.78650,5368.82075,0.42609,214.00000,0.25784,0.10493,5981.24697,207318.60084,P2 · AÇÃO PLANEJADA
719,0,C00 · Ticket Premium / Mix Caro,c,c,5383.60450,6444.51930,7719.78650,5368.82075,0.43394,215.00000,0.25436,0.10493,5948.48997,206183.19632,P2 · AÇÃO PLANEJADA
500,0,C00 · Ticket Premium / Mix Caro,d,c,5354.03700,6444.51930,7719.78650,5368.82075,0.44186,216.00000,0.25087,0.10493,5915.82004,205050.80971,P2 · AÇÃO PLANEJADA
45,0,C00 · Ticket Premium / Mix Caro,d,a,5348.46980,6444.51930,7719.78650,5368.82075,0.44336,217.00000,0.24739,0.10493,5909.66869,204837.59511,P1 · AÇÃO URGENTE
800,0,C00 · Ticket Premium / Mix Caro,d,a,5337.43260,6444.51930,7719.78650,5368.82075,0.44635,218.00000,0.24390,0.10493,5897.47339,204414.88850,P1 · AÇÃO URGENTE
41,0,C00 · Ticket Premium / Mix Caro,d,c,5335.05950,6444.51930,7719.78650,5368.82075,0.44699,219.00000,0.24042,0.10493,5894.85129,204324.00268,P1 · AÇÃO URGENTE
429,0,C00 · Ticket Premium / Mix Caro,d,c,5321.14470,6444.51930,7719.78650,5368.82075,0.45078,220.00000,0.23693,0.10493,5879.47645,203791.08873,P1 · AÇÃO URGENTE
182,0,C00 · Ticket Premium / Mix Caro,d,c,5304.65430,6444.51930,7719.78650,5368.82075,0.45529,221.00000,0.23345,0.10493,5861.25576,203159.53353,P1 · AÇÃO URGENTE
249,0,C00 · Ticket Premium / Mix Caro,d,c,5285.82400,6444.51930,7719.78650,5368.82075,0.46047,222.00000,0.22997,0.10493,5840.44965,202438.36402,P1 · AÇÃO URGENTE
53,0,C00 · Ticket Premium / Mix Caro,a,c,5264.80740,6444.51930,7719.78650,5368.82075,0.46630,223.00000,0.22648,0.10493,5817.22785,201633.46281,P1 · AÇÃO URGENTE
443,0,C00 · Ticket Premium / Mix Caro,d,a,5251.09620,6444.51930,7719.78650,5368.82075,0.47013,224.00000,0.22300,0.10493,5802.07797,201108.34641,P1 · AÇÃO URGENTE
201,0,C00 · Ticket Premium / Mix Caro,d,a,5249.35170,6444.51930,7719.78650,5368.82075,0.47062,225.00000,0.21951,0.10493,5800.15043,201041.53493,P1 · AÇÃO URGENTE
728,0,C00 · Ticket Premium / Mix Caro,d,a,5245.70790,6444.51930,7719.78650,5368.82075,0.47164,226.00000,0.21603,0.10493,5796.12429,200901.98338,P1 · AÇÃO URGENTE
736,0,C00 · Ticket Premium / Mix Caro,c,c,5244.07560,6444.51930,7719.78650,5368.82075,0.47210,227.00000,0.21254,0.10493,5794.32072,200839.46898,P1 · AÇÃO URGENTE
521,0,C00 · Ticket Premium / Mix Caro,d,a,5181.01410,6444.51930,7719.78650,5368.82075,0.49001,228.00000,0.20906,0.10493,5724.64237,198424.31726,P1 · AÇÃO URGENTE
555,0,C00 · Ticket Premium / Mix Caro,d,a,5173.86040,6444.51930,7719.78650,5368.82075,0.49207,229.00000,0.20557,0.10493,5716.73805,198150.34232,P1 · AÇÃO URGENTE
1004,0,C00 · Ticket Premium / Mix Caro,d,c,5165.44530,6444.51930,7719.78650,5368.82075,0.49451,230.00000,0.20209,0.10493,5707.43998,197828.05783,P1 · AÇÃO URGENTE
997,0,C00 · Ticket Premium / Mix Caro,d,c,5157.91810,6444.51930,7719.78650,5368.82075,0.49669,231.00000,0.19861,0.10493,5699.12297,197539.77845,P1 · AÇÃO URGENTE
285,0,C00 · Ticket Premium / Mix Caro,a,a,5154.92450,6444.51930,7719.78650,5368.82075,0.49756,232.00000,0.19512,0.10493,5695.81526,197425.12850,P1 · AÇÃO URGENTE
495,0,C00 · Ticket Premium / Mix Caro,d,a,5154.71810,6444.51930,7719.78650,5368.82075,0.49762,233.00000,0.19164,0.10493,5695.58721,197417.22372,P1 · AÇÃO URGENTE
1083,0,C00 · Ticket Premium / Mix Caro,d,c,5146.36880,6444.51930,7719.78650,5368.82075,0.50005,234.00000,0.18815,0.10493,5686.36184,197097.45926,P1 · AÇÃO URGENTE
99,0,C00 · Ticket Premium / Mix Caro,c,c,5130.52090,6444.51930,7719.78650,5368.82075,0.50468,235.00000,0.18467,0.10493,5668.85107,196490.51076,P1 · AÇÃO URGENTE
98,0,C00 · Ticket Premium / Mix Caro,d,c,5109.86390,6444.51930,7719.78650,5368.82075,0.51076,236.00000,0.18118,0.10493,5646.02659,195699.38164,P1 · AÇÃO URGENTE
548,0,C00 · Ticket Premium / Mix Caro,d,c,5073.02340,6444.51930,7719.78650,5368.82075,0.52173,237.00000,0.17770,0.10493,5605.32053,194288.45110,P1 · AÇÃO URGENTE
239,0,C00 · Ticket Premium / Mix Caro,d,c,5071.21050,6444.51930,7719.78650,5368.82075,0.52228,238.00000,0.17422,0.10493,5603.31740,194219.02001,P1 · AÇÃO URGENTE
875,0,C00 · Ticket Premium / Mix Caro,d,a,5061.66240,6444.51930,7719.78650,5368.82075,0.52515,239.00000,0.17073,0.10493,5592.76745,193853.34349,P1 · AÇÃO URGENTE
337,0,C00 · Ticket Premium / Mix Caro,d,c,5049.65300,6444.51930,7719.78650,5368.82075,0.52878,240.00000,0.16725,0.10493,5579.49794,193393.40322,P1 · AÇÃO URGENTE
1103,0,C00 · Ticket Premium / Mix Caro,d,c,5019.54420,6444.51930,7719.78650,5368.82075,0.53795,241.00000,0.16376,0.10493,5546.22991,192240.28571,P1 · AÇÃO URGENTE
326,0,C00 · Ticket Premium / Mix Caro,d,a,5008.90370,6444.51930,7719.78650,5368.82075,0.54121,242.00000,0.16028,0.10493,5534.47294,191832.77206,P1 · AÇÃO URGENTE
750,0,C00 · Ticket Premium / Mix Caro,d,a,4997.35210,6444.51930,7719.78650,5368.82075,0.54478,243.00000,0.15679,0.10493,5521.70926,191390.36479,P1 · AÇÃO URGENTE
188,0,C00 · Ticket Premium / Mix Caro,d,a,4986.95250,6444.51930,7719.78650,5368.82075,0.54800,244.00000,0.15331,0.10493,5510.21846,190992.07721,P1 · AÇÃO URGENTE
1036,0,C00 · Ticket Premium / Mix Caro,d,c,4986.20280,6444.51930,7719.78650,5368.82075,0.54823,245.00000,0.14983,0.10493,5509.39010,190963.36494,P1 · AÇÃO URGENTE
590,0,C00 · Ticket Premium / Mix Caro,d,c,4984.16990,6444.51930,7719.78650,5368.82075,0.54886,246.00000,0.14634,0.10493,5507.14390,190885.50821,P1 · AÇÃO URGENTE
1109,0,C00 · Ticket Premium / Mix Caro,c,a,4927.20420,6444.51930,7719.78650,5368.82075,0.56677,247.00000,0.14286,0.10493,5444.20096,188703.81561,P1 · AÇÃO URGENTE
804,0,C00 · Ticket Premium / Mix Caro,c,c,4922.18650,6444.51930,7719.78650,5368.82075,0.56837,248.00000,0.13937,0.10493,5438.65676,188511.64595,P1 · AÇÃO URGENTE
568,0,C00 · Ticket Premium / Mix Caro,d,c,4877.49680,6444.51930,7719.78650,5368.82075,0.58274,249.00000,0.13589,0.10493,5389.27791,186800.10396,P1 · AÇÃO URGENTE
601,0,C00 · Ticket Premium / Mix Caro,d,a,4875.76950,6444.51930,7719.78650,5368.82075,0.58330,250.00000,0.13240,0.10493,5387.36937,186733.95121,P1 · AÇÃO URGENTE
485,0,C00 · Ticket Premium / Mix Caro,d,c,4871.01130,6444.51930,7719.78650,5368.82075,0.58484,251.00000,0.12892,0.10493,5382.11190,186551.71998,P1 · AÇÃO URGENTE
801,0,C00 · Ticket Premium / Mix Caro,d,a,4845.22960,6444.51930,7719.78650,5368.82075,0.59328,252.00000,0.12544,0.10493,5353.62501,185564.32328,P1 · AÇÃO URGENTE
457,0,C00 · Ticket Premium / Mix Caro,d,c,4840.55310,6444.51930,7719.78650,5368.82075,0.59481,253.00000,0.12195,0.10493,5348.45782,185385.22102,P1 · AÇÃO URGENTE
461,0,C00 · Ticket Premium / Mix Caro,d,c,4838.66540,6444.51930,7719.78650,5368.82075,0.59544,254.00000,0.11847,0.10493,5346.37204,185312.92522,P1 · AÇÃO URGENTE
194,0,C00 · Ticket Premium / Mix Caro,d,c,4829.49290,6444.51930,7719.78650,5368.82075,0.59847,255.00000,0.11498,0.10493,5336.23710,184961.63355,P1 · AÇÃO URGENTE
845,0,C00 · Ticket Premium / Mix Caro,d,a,4828.56190,6444.51930,7719.78650,5368.82075,0.59878,256.00000,0.11150,0.10493,5335.20841,184925.97779,P1 · AÇÃO URGENTE
347,0,C00 · Ticket Premium / Mix Caro,d,c,4804.19050,6444.51930,7719.78650,5368.82075,0.60689,257.00000,0.10801,0.10493,5308.27980,183992.59326,P1 · AÇÃO URGENTE
212,0,C00 · Ticket Premium / Mix Caro,a,c,4775.65690,6444.51930,7719.78650,5368.82075,0.61649,258.00000,0.10453,0.10493,5276.75225,182899.80331,P1 · AÇÃO URGENTE
231,0,C00 · Ticket Premium / Mix Caro,d,c,4770.27970,6444.51930,7719.78650,5368.82075,0.61831,259.00000,0.10105,0.10493,5270.81084,182693.86540,P1 · AÇÃO URGENTE
858,0,C00 · Ticket Premium / Mix Caro,a,a,4755.60450,6444.51930,7719.78650,5368.82075,0.62330,260.00000,0.09756,0.10493,5254.59581,182131.82938,P1 · AÇÃO URGENTE
584,0,C00 · Ticket Premium / Mix Caro,d,a,4734.89630,6444.51930,7719.78650,5368.82075,0.63040,261.00000,0.09408,0.10493,5231.71476,181338.73939,P1 · AÇÃO URGENTE
955,0,C00 · Ticket Premium / Mix Caro,d,c,4719.54940,6444.51930,7719.78650,5368.82075,0.63570,262.00000,0.09059,0.10493,5214.75756,180750.97836,P1 · AÇÃO URGENTE
103,0,C00 · Ticket Premium / Mix Caro,d,c,4689.49760,6444.51930,7719.78650,5368.82075,0.64619,263.00000,0.08711,0.10493,5181.55251,179600.04386,P1 · AÇÃO URGENTE
1094,0,C00 · Ticket Premium / Mix Caro,d,a,4574.71540,6444.51930,7719.78650,5368.82075,0.68749,264.00000,0.08362,0.10493,5054.72656,175204.07441,P1 · AÇÃO URGENTE
714,0,C00 · Ticket Premium / Mix Caro,d,c,4553.94720,6444.51930,7719.78650,5368.82075,0.69519,265.00000,0.08014,0.10493,5031.77922,174408.68652,P1 · AÇÃO URGENTE
710,0,C00 · Ticket Premium / Mix Caro,d,a,4546.65270,6444.51930,7719.78650,5368.82075,0.69791,266.00000,0.07666,0.10493,5023.71933,174129.31917,P1 · AÇÃO URGENTE
420,0,C00 · Ticket Premium / Mix Caro,d,c,4540.34080,6444.51930,7719.78650,5368.82075,0.70027,267.00000,0.07317,0.10493,5016.74514,173887.58378,P1 · AÇÃO URGENTE
373,0,C00 · Ticket Premium / Mix Caro,d,c,4530.50320,6444.51930,7719.78650,5368.82075,0.70396,268.00000,0.06969,0.10493,5005.87531,173510.81988,P1 · AÇÃO URGENTE
669,0,C00 · Ticket Premium / Mix Caro,d,a,4514.23470,6444.51930,7719.78650,5368.82075,0.71010,269.00000,0.06620,0.10493,4987.89980,172887.76309,P1 · AÇÃO URGENTE
1068,0,C00 · Ticket Premium / Mix Caro,d,c,4441.53670,6444.51930,7719.78650,5368.82075,0.73809,270.00000,0.06272,0.10493,4907.57382,170103.54928,P1 · AÇÃO URGENTE
702,0,C00 · Ticket Premium / Mix Caro,a,a,4373.97110,6444.51930,7719.78650,5368.82075,0.76494,271.00000,0.05923,0.10493,4832.91877,167515.89795,P1 · AÇÃO URGENTE
867,0,C00 · Ticket Premium / Mix Caro,d,c,4329.22160,6444.51930,7719.78650,5368.82075,0.78318,272.00000,0.05575,0.10493,4783.47383,165802.06571,P1 · AÇÃO URGENTE
622,0,C00 · Ticket Premium / Mix Caro,a,c,4317.96170,6444.51930,7719.78650,5368.82075,0.78783,273.00000,0.05226,0.10493,4771.03247,165370.83006,P1 · AÇÃO URGENTE
50,0,C00 · Ticket Premium / Mix Caro,d,a,4256.07060,6444.51930,7719.78650,5368.82075,0.81383,274.00000,0.04878,0.10493,4702.64732,163000.50274,P1 · AÇÃO URGENTE
315,0,C00 · Ticket Premium / Mix Caro,a,c,4252.41070,6444.51930,7719.78650,5368.82075,0.81539,275.00000,0.04530,0.10493,4698.60340,162860.33459,P1 · AÇÃO URGENTE
777,0,C00 · Ticket Premium / Mix Caro,d,c,3991.35040,6444.51930,7719.78650,5368.82075,0.93413,276.00000,0.04181,0.10493,4410.15082,152862.15455,P1 · AÇÃO URGENTE
573,0,C00 · Ticket Premium / Mix Caro,a,a,3974.77330,6444.51930,7719.78650,5368.82075,0.94220,277.00000,0.03833,0.10493,4391.83434,152227.27889,P1 · AÇÃO URGENTE
83,0,C00 · Ticket Premium / Mix Caro,a,a,3887.70600,6444.51930,7719.78650,5368.82075,0.98569,278.00000,0.03484,0.10493,4295.63133,148892.74452,P1 · AÇÃO URGENTE
407,0,C00 · Ticket Premium / Mix Caro,a,a,3886.74440,6444.51930,7719.78650,5368.82075,0.98618,279.00000,0.03136,0.10493,4294.56883,148855.91683,P1 · AÇÃO URGENTE
520,0,C00 · Ticket Premium / Mix Caro,a,c,3869.73210,6444.51930,7719.78650,5368.82075,0.99491,280.00000,0.02787,0.10493,4275.77148,148204.37372,P1 · AÇÃO URGENTE
879,0,C00 · Ticket Premium / Mix Caro,d,a,3762.98390,6444.51930,7719.78650,5368.82075,1.05151,281.00000,0.02439,0.10493,4157.82251,144116.09326,P1 · AÇÃO URGENTE
302,0,C00 · Ticket Premium / Mix Caro,d,c,3742.28430,6444.51930,7719.78650,5368.82075,1.06285,282.00000,0.02091,0.10493,4134.95096,143323.33263,P1 · AÇÃO URGENTE
263,0,C00 · Ticket Premium / Mix Caro,a,c,3707.51610,6444.51930,7719.78650,5368.82075,1.08220,283.00000,0.01742,0.10493,4096.53464,141991.76777,P1 · AÇÃO URGENTE
488,0,C00 · Ticket Premium / Mix Caro,a,c,3686.31890,6444.51930,7719.78650,5368.82075,1.09417,284.00000,0.01394,0.10493,4073.11328,141179.94988,P1 · AÇÃO URGENTE
232,0,C00 · Ticket Premium / Mix Caro,c,c,3376.75950,6444.51930,7719.78650,5368.82075,1.28615,285.00000,0.01045,0.10493,3731.07274,129324.33408,P1 · AÇÃO URGENTE
210,0,C00 · Ticket Premium / Mix Caro,d,a,3193.98460,6444.51930,7719.78650,5368.82075,1.41698,286.00000,0.00697,0.10493,3529.11982,122324.35608,P1 · AÇÃO URGENTE
254,0,C00 · Ticket Premium / Mix Caro,d,a,3005.98330,6444.51930,7719.78650,5368.82075,1.56814,287.00000,0.00348,0.10493,3321.39211,115124.21555,P1 · AÇÃO URGENTE
817,1,C01 · Alto Fluxo / Ponto de Passagem,a,a,21757.48340,7994.43110,10178.13610,6630.60290,-0.53220,1.00000,1.00000,0.01225,22023.94730,97259.32321,P4 · MANUTENÇÃO / REFERÊNCIA
262,1,C01 · Alto Fluxo / Ponto de Passagem,b,a,20718.51590,7994.43110,10178.13610,6630.60290,-0.50874,2.00000,0.99482,0.01225,20972.25556,92614.97744,P4 · MANUTENÇÃO / REFERÊNCIA
1114,1,C01 · Alto Fluxo / Ponto de Passagem,a,c,20666.56250,7994.43110,10178.13610,6630.60290,-0.50751,3.00000,0.98964,0.01225,20919.66589,92382.73769,P4 · MANUTENÇÃO / REFERÊNCIA
251,1,C01 · Alto Fluxo / Ponto de Passagem,a,c,19123.06800,7994.43110,10178.13610,6630.60290,-0.46776,4.00000,0.98446,0.01225,19357.26821,85483.07804,P4 · MANUTENÇÃO / REFERÊNCIA
513,1,C01 · Alto Fluxo / Ponto de Passagem,a,a,18179.08930,7994.43110,10178.13610,6630.60290,-0.44012,5.00000,0.97927,0.01225,18401.72861,81263.34693,P4 · MANUTENÇÃO / REFERÊNCIA
562,1,C01 · Alto Fluxo / Ponto de Passagem,b,c,17969.55630,7994.43110,10178.13610,6630.60290,-0.43359,6.00000,0.97409,0.01225,18189.62946,80326.70194,P4 · MANUTENÇÃO / REFERÊNCIA
383,1,C01 · Alto Fluxo / Ponto de Passagem,a,c,17294.71670,7994.43110,10178.13610,6630.60290,-0.41149,7.00000,0.96891,0.01225,17506.52510,77310.06433,P4 · MANUTENÇÃO / REFERÊNCIA
756,1,C01 · Alto Fluxo / Ponto de Passagem,a,c,16574.81640,7994.43110,10178.13610,6630.60290,-0.38593,8.00000,0.96373,0.01225,16777.80818,74091.99840,P4 · MANUTENÇÃO / REFERÊNCIA
698,1,C01 · Alto Fluxo / Ponto de Passagem,a,a,15564.11990,7994.43110,10178.13610,6630.60290,-0.34605,9.00000,0.95855,0.01225,15754.73368,69574.02839,P4 · MANUTENÇÃO / REFERÊNCIA
523,1,C01 · Alto Fluxo / Ponto de Passagem,c,c,15530.60590,7994.43110,10178.13610,6630.60290,-0.34464,10.00000,0.95337,0.01225,15720.80923,69424.21562,P4 · MANUTENÇÃO / REFERÊNCIA
586,1,C01 · Alto Fluxo / Ponto de Passagem,a,c,15131.96010,7994.43110,10178.13610,6630.60290,-0.32737,11.00000,0.94819,0.01225,15317.28122,67642.20710,P4 · MANUTENÇÃO / REFERÊNCIA
595,1,C01 · Alto Fluxo / Ponto de Passagem,c,c,15019.10970,7994.43110,10178.13610,6630.60290,-0.32232,12.00000,0.94301,0.01225,15203.04874,67137.74832,P4 · MANUTENÇÃO / REFERÊNCIA
733,1,C01 · Alto Fluxo / Ponto de Passagem,b,b,14933.28870,7994.43110,10178.13610,6630.60290,-0.31843,13.00000,0.93782,0.01225,15116.17669,66754.11515,P4 · MANUTENÇÃO / REFERÊNCIA
320,1,C01 · Alto Fluxo / Ponto de Passagem,a,c,14834.46170,7994.43110,10178.13610,6630.60290,-0.31389,14.00000,0.93264,0.01225,15016.13935,66312.34314,P4 · MANUTENÇÃO / REFERÊNCIA
544,1,C01 · Alto Fluxo / Ponto de Passagem,a,a,14094.49870,7994.43110,10178.13610,6630.60290,-0.27786,15.00000,0.92746,0.01225,14267.11403,63004.59384,P4 · MANUTENÇÃO / REFERÊNCIA
336,1,C01 · Alto Fluxo / Ponto de Passagem,a,a,13910.66150,7994.43110,10178.13610,6630.60290,-0.26832,16.00000,0.92228,0.01225,14081.02537,62182.81306,P4 · MANUTENÇÃO / REFERÊNCIA
546,1,C01 · Alto Fluxo / Ponto de Passagem,a,a,13681.53440,7994.43110,10178.13610,6630.60290,-0.25607,17.00000,0.91710,0.01225,13849.09215,61158.57941,P4 · MANUTENÇÃO / REFERÊNCIA
560,1,C01 · Alto Fluxo / Ponto de Passagem,c,c,13612.85940,7994.43110,10178.13610,6630.60290,-0.25231,18.00000,0.91192,0.01225,13779.57609,60851.59151,P4 · MANUTENÇÃO / REFERÊNCIA
335,1,C01 · Alto Fluxo / Ponto de Passagem,b,a,13313.93950,7994.43110,10178.13610,6630.60290,-0.23553,19.00000,0.90674,0.01225,13476.99532,59515.37323,P4 · MANUTENÇÃO / REFERÊNCIA
470,1,C01 · Alto Fluxo / Ponto de Passagem,a,c,13111.74230,7994.43110,10178.13610,6630.60290,-0.22374,20.00000,0.90155,0.01225,13272.32181,58611.52040,P4 · MANUTENÇÃO / REFERÊNCIA
1027,1,C01 · Alto Fluxo / Ponto de Passagem,a,c,13104.08830,7994.43110,10178.13610,6630.60290,-0.22329,21.00000,0.89637,0.01225,13264.57407,58577.30583,P4 · MANUTENÇÃO / REFERÊNCIA
211,1,C01 · Alto Fluxo / Ponto de Passagem,a,c,12994.34570,7994.43110,10178.13610,6630.60290,-0.21673,22.00000,0.89119,0.01225,13153.48745,58086.73940,P4 · MANUTENÇÃO / REFERÊNCIA
827,1,C01 · Alto Fluxo / Ponto de Passagem,a,c,12771.66540,7994.43110,10178.13610,6630.60290,-0.20307,23.00000,0.88601,0.01225,12928.07999,57091.32395,P4 · MANUTENÇÃO / REFERÊNCIA
831,1,C01 · Alto Fluxo / Ponto de Passagem,a,a,12689.00260,7994.43110,10178.13610,6630.60290,-0.19788,24.00000,0.88083,0.01225,12844.40481,56721.80842,P4 · MANUTENÇÃO / REFERÊNCIA
444,1,C01 · Alto Fluxo / Ponto de Passagem,c,a,12188.70660,7994.43110,10178.13610,6630.60290,-0.16495,25.00000,0.87565,0.01225,12337.98169,54485.40775,P4 · MANUTENÇÃO / REFERÊNCIA
1092,1,C01 · Alto Fluxo / Ponto de Passagem,a,a,11960.53860,7994.43110,10178.13610,6630.60290,-0.14902,26.00000,0.87047,0.01225,12107.01932,53465.46143,P4 · MANUTENÇÃO / REFERÊNCIA
469,1,C01 · Alto Fluxo / Ponto de Passagem,c,c,11901.45660,7994.43110,10178.13610,6630.60290,-0.14480,27.00000,0.86528,0.01225,12047.21374,53201.35573,P4 · MANUTENÇÃO / REFERÊNCIA
125,1,C01 · Alto Fluxo / Ponto de Passagem,a,a,11836.84820,7994.43110,10178.13610,6630.60290,-0.14013,28.00000,0.86010,0.01225,11981.81408,52912.54617,P4 · MANUTENÇÃO / REFERÊNCIA
1018,1,C01 · Alto Fluxo / Ponto de Passagem,c,c,11748.34270,7994.43110,10178.13610,6630.60290,-0.13365,29.00000,0.85492,0.01225,11892.22465,52516.91286,P4 · MANUTENÇÃO / REFERÊNCIA
259,1,C01 · Alto Fluxo / Ponto de Passagem,b,b,11656.14500,7994.43110,10178.13610,6630.60290,-0.12680,30.00000,0.84974,0.01225,11798.89781,52104.77485,P4 · MANUTENÇÃO / REFERÊNCIA
974,1,C01 · Alto Fluxo / Ponto de Passagem,a,a,11540.95500,7994.43110,10178.13610,6630.60290,-0.11809,31.00000,0.84456,0.01225,11682.29708,51589.85770,P4 · MANUTENÇÃO / REFERÊNCIA
449,1,C01 · Alto Fluxo / Ponto de Passagem,a,c,11253.74650,7994.43110,10178.13610,6630.60290,-0.09558,32.00000,0.83938,0.01225,11391.57113,50305.99119,P4 · MANUTENÇÃO / REFERÊNCIA
479,1,C01 · Alto Fluxo / Ponto de Passagem,a,a,11230.87980,7994.43110,10178.13610,6630.60290,-0.09374,33.00000,0.83420,0.01225,11368.42438,50203.77349,P4 · MANUTENÇÃO / REFERÊNCIA
682,1,C01 · Alto Fluxo / Ponto de Passagem,b,a,11207.40870,7994.43110,10178.13610,6630.60290,-0.09184,34.00000,0.82902,0.01225,11344.66583,50098.85404,P4 · MANUTENÇÃO / REFERÊNCIA
25,1,C01 · Alto Fluxo / Ponto de Passagem,c,a,11168.74270,7994.43110,10178.13610,6630.60290,-0.08869,35.00000,0.82383,0.01225,11305.52629,49926.01102,P4 · MANUTENÇÃO / REFERÊNCIA
432,1,C01 · Alto Fluxo / Ponto de Passagem,a,a,10982.87120,7994.43110,10178.13610,6630.60290,-0.07327,36.00000,0.81865,0.01225,11117.37842,49095.13661,P4 · MANUTENÇÃO / REFERÊNCIA
906,1,C01 · Alto Fluxo / Ponto de Passagem,a,a,10929.28940,7994.43110,10178.13610,6630.60290,-0.06873,37.00000,0.81347,0.01225,11063.14041,48855.61766,P4 · MANUTENÇÃO / REFERÊNCIA
532,1,C01 · Alto Fluxo / Ponto de Passagem,a,c,10894.86520,7994.43110,10178.13610,6630.60290,-0.06579,38.00000,0.80829,0.01225,11028.29461,48701.73615,P4 · MANUTENÇÃO / REFERÊNCIA
423,1,C01 · Alto Fluxo / Ponto de Passagem,b,a,10828.40340,7994.43110,10178.13610,6630.60290,-0.06005,39.00000,0.80311,0.01225,10961.01886,48404.64160,P4 · MANUTENÇÃO / REFERÊNCIA
769,1,C01 · Alto Fluxo / Ponto de Passagem,b,b,10825.90230,7994.43110,10178.13610,6630.60290,-0.05983,40.00000,0.79793,0.01225,10958.48713,48393.46130,P4 · MANUTENÇÃO / REFERÊNCIA
502,1,C01 · Alto Fluxo / Ponto de Passagem,a,a,10823.52450,7994.43110,10178.13610,6630.60290,-0.05963,41.00000,0.79275,0.01225,10956.08020,48382.83216,P4 · MANUTENÇÃO / REFERÊNCIA
645,1,C01 · Alto Fluxo / Ponto de Passagem,a,a,10730.25740,7994.43110,10178.13610,6630.60290,-0.05145,42.00000,0.78756,0.01225,10861.67086,47965.91377,P4 · MANUTENÇÃO / REFERÊNCIA
713,1,C01 · Alto Fluxo / Ponto de Passagem,a,c,10718.05520,7994.43110,10178.13610,6630.60290,-0.05037,43.00000,0.78238,0.01225,10849.31922,47911.36804,P4 · MANUTENÇÃO / REFERÊNCIA
195,1,C01 · Alto Fluxo / Ponto de Passagem,a,c,10713.17970,7994.43110,10178.13610,6630.60290,-0.04994,44.00000,0.77720,0.01225,10844.38401,47889.57380,P4 · MANUTENÇÃO / REFERÊNCIA
464,1,C01 · Alto Fluxo / Ponto de Passagem,c,a,10642.68370,7994.43110,10178.13610,6630.60290,-0.04365,45.00000,0.77202,0.01225,10773.02465,47574.44575,P4 · MANUTENÇÃO / REFERÊNCIA
526,1,C01 · Alto Fluxo / Ponto de Passagem,a,a,10630.23150,7994.43110,10178.13610,6630.60290,-0.04253,46.00000,0.76684,0.01225,10760.41995,47518.78249,P4 · MANUTENÇÃO / REFERÊNCIA
983,1,C01 · Alto Fluxo / Ponto de Passagem,a,a,10286.36920,7994.43110,10178.13610,6630.60290,-0.01052,47.00000,0.76166,0.01225,10412.34636,45981.66471,P4 · MANUTENÇÃO / REFERÊNCIA
580,1,C01 · Alto Fluxo / Ponto de Passagem,a,c,10197.66200,7994.43110,10178.13610,6630.60290,-0.00191,48.00000,0.75648,0.01225,10322.55277,45585.12978,P4 · MANUTENÇÃO / REFERÊNCIA
42,1,C01 · Alto Fluxo / Ponto de Passagem,a,c,10178.13610,7994.43110,10178.13610,6630.60290,0.00000,49.00000,0.75130,0.01225,10302.78773,45497.84598,P4 · MANUTENÇÃO / REFERÊNCIA
104,1,C01 · Alto Fluxo / Ponto de Passagem,a,a,10126.53700,7994.43110,10178.13610,6630.60290,0.00510,50.00000,0.74611,0.01225,10250.55670,45267.19000,P3 · ACOMPANHAMENTO
709,1,C01 · Alto Fluxo / Ponto de Passagem,a,a,9886.91580,7994.43110,10178.13610,6630.60290,0.02946,51.00000,0.74093,0.01225,10008.00086,44196.04610,P3 · ACOMPANHAMENTO
722,1,C01 · Alto Fluxo / Ponto de Passagem,a,a,9836.64670,7994.43110,10178.13610,6630.60290,0.03472,52.00000,0.73575,0.01225,9957.11611,43971.33543,P3 · ACOMPANHAMENTO
256,1,C01 · Alto Fluxo / Ponto de Passagem,a,c,9832.87890,7994.43110,10178.13610,6630.60290,0.03511,53.00000,0.73057,0.01225,9953.30217,43954.49278,P3 · ACOMPANHAMENTO
964,1,C01 · Alto Fluxo / Ponto de Passagem,a,a,9759.97280,7994.43110,10178.13610,6630.60290,0.04284,54.00000,0.72539,0.01225,9879.50319,43628.59121,P3 · ACOMPANHAMENTO
1097,1,C01 · Alto Fluxo / Ponto de Passagem,b,b,9744.59980,7994.43110,10178.13610,6630.60290,0.04449,55.00000,0.72021,0.01225,9863.94191,43559.87152,P3 · ACOMPANHAMENTO
615,1,C01 · Alto Fluxo / Ponto de Passagem,d,a,9712.42130,7994.43110,10178.13610,6630.60290,0.04795,56.00000,0.71503,0.01244,9833.27296,44110.85526,P3 · ACOMPANHAMENTO
4,1,C01 · Alto Fluxo / Ponto de Passagem,c,c,9638.40180,7994.43110,10178.13610,6630.60290,0.05600,57.00000,0.70984,0.01386,9772.01896,48770.26492,P3 · ACOMPANHAMENTO
1026,1,C01 · Alto Fluxo / Ponto de Passagem,c,a,9495.61620,7994.43110,10178.13610,6630.60290,0.07188,58.00000,0.70466,0.01660,9653.26242,57540.87036,P3 · ACOMPANHAMENTO
27,1,C01 · Alto Fluxo / Ponto de Passagem,a,a,9478.57380,7994.43110,10178.13610,6630.60290,0.07380,59.00000,0.69948,0.01713,9640.90385,59250.47004,P3 · ACOMPANHAMENTO
921,1,C01 · Alto Fluxo / Ponto de Passagem,a,a,9473.89490,7994.43110,10178.13610,6630.60290,0.07433,60.00000,0.69430,0.01742,9638.97752,60255.15580,P3 · ACOMPANHAMENTO
843,1,C01 · Alto Fluxo / Ponto de Passagem,c,a,9468.70660,7994.43110,10178.13610,6630.60290,0.07492,61.00000,0.68912,0.01774,9636.66252,61303.90995,P3 · ACOMPANHAMENTO
1064,1,C01 · Alto Fluxo / Ponto de Passagem,a,c,9455.57890,7994.43110,10178.13610,6630.60290,0.07642,62.00000,0.68394,0.01821,9627.77445,62851.37478,P3 · ACOMPANHAMENTO
69,1,C01 · Alto Fluxo / Ponto de Passagem,c,c,9426.45200,7994.43110,10178.13610,6630.60290,0.07974,63.00000,0.67876,0.01902,9605.70541,65427.49510,P3 · ACOMPANHAMENTO
362,1,C01 · Alto Fluxo / Ponto de Passagem,c,c,9376.65560,7994.43110,10178.13610,6630.60290,0.08548,64.00000,0.67358,0.02027,9566.74854,69383.92273,P3 · ACOMPANHAMENTO
387,1,C01 · Alto Fluxo / Ponto de Passagem,c,a,9374.82880,7994.43110,10178.13610,6630.60290,0.08569,65.00000,0.66839,0.02056,9567.52841,70335.35618,P3 · ACOMPANHAMENTO
36,1,C01 · Alto Fluxo / Ponto de Passagem,a,c,9363.63830,7994.43110,10178.13610,6630.60290,0.08699,66.00000,0.66321,0.02104,9560.63989,71905.57896,P3 · ACOMPANHAMENTO
269,1,C01 · Alto Fluxo / Ponto de Passagem,a,c,9346.70600,7994.43110,10178.13610,6630.60290,0.08895,67.00000,0.65803,0.02166,9549.13696,73887.29987,P3 · ACOMPANHAMENTO
270,1,C01 · Alto Fluxo / Ponto de Passagem,a,a,9291.62370,7994.43110,10178.13610,6630.60290,0.09541,68.00000,0.65285,0.02314,9506.66904,78491.54870,P3 · ACOMPANHAMENTO
267,1,C01 · Alto Fluxo / Ponto de Passagem,c,a,9289.16070,7994.43110,10178.13610,6630.60290,0.09570,69.00000,0.64767,0.02347,9507.19588,79582.84068,P3 · ACOMPANHAMENTO
1032,1,C01 · Alto Fluxo / Ponto de Passagem,d,c,9195.19870,7994.43110,10178.13610,6630.60290,0.10690,70.00000,0.64249,0.02595,9433.77733,87081.19830,P3 · ACOMPANHAMENTO
459,1,C01 · Alto Fluxo / Ponto de Passagem,a,a,9176.75000,7994.43110,10178.13610,6630.60290,0.10912,71.00000,0.63731,0.02669,9421.72334,89415.26956,P3 · ACOMPANHAMENTO
1020,1,C01 · Alto Fluxo / Ponto de Passagem,a,a,9032.45200,7994.43110,10178.13610,6630.60290,0.12684,72.00000,0.63212,0.03059,9308.76374,100853.78478,P3 · ACOMPANHAMENTO
668,1,C01 · Alto Fluxo / Ponto de Passagem,c,a,8940.85330,7994.43110,10178.13610,6630.60290,0.13839,73.00000,0.62694,0.03332,9238.77147,108740.13308,P3 · ACOMPANHAMENTO
913,1,C01 · Alto Fluxo / Ponto de Passagem,a,a,8892.16110,7994.43110,10178.13610,6630.60290,0.14462,74.00000,0.62176,0.03501,9203.49344,113636.30572,P3 · ACOMPANHAMENTO
384,1,C01 · Alto Fluxo / Ponto de Passagem,a,c,8871.57540,7994.43110,10178.13610,6630.60290,0.14727,75.00000,0.61658,0.03598,9190.81017,116520.69076,P3 · ACOMPANHAMENTO
672,1,C01 · Alto Fluxo / Ponto de Passagem,c,a,8837.10510,7994.43110,10178.13610,6630.60290,0.15175,76.00000,0.61140,0.03736,9167.26818,120509.52553,P3 · ACOMPANHAMENTO
1043,1,C01 · Alto Fluxo / Ponto de Passagem,c,a,8792.82820,7994.43110,10178.13610,6630.60290,0.15755,77.00000,0.60622,0.03905,9136.17935,125323.16916,P3 · ACOMPANHAMENTO
400,1,C01 · Alto Fluxo / Ponto de Passagem,a,a,8745.71870,7994.43110,10178.13610,6630.60290,0.16378,78.00000,0.60104,0.04087,9103.12124,130451.92724,P3 · ACOMPANHAMENTO
445,1,C01 · Alto Fluxo / Ponto de Passagem,a,a,8600.15080,7994.43110,10178.13610,6630.60290,0.18348,79.00000,0.59585,0.04571,8993.28089,143492.48408,P3 · ACOMPANHAMENTO
905,1,C01 · Alto Fluxo / Ponto de Passagem,a,a,8530.25160,7994.43110,10178.13610,6630.60290,0.19318,80.00000,0.59067,0.04842,8943.26932,150751.46852,P3 · ACOMPANHAMENTO
965,1,C01 · Alto Fluxo / Ponto de Passagem,a,c,8484.76310,7994.43110,10178.13610,6630.60290,0.19958,81.00000,0.58549,0.05043,8912.62425,156169.31933,P3 · ACOMPANHAMENTO
344,1,C01 · Alto Fluxo / Ponto de Passagem,a,c,8481.10840,7994.43110,10178.13610,6630.60290,0.20010,82.00000,0.58031,0.05112,8914.62026,158231.82739,P3 · ACOMPANHAMENTO
894,1,C01 · Alto Fluxo / Ponto de Passagem,a,a,8468.47990,7994.43110,10178.13610,6630.60290,0.20188,83.00000,0.57513,0.05210,8909.71311,161050.12100,P3 · ACOMPANHAMENTO
376,1,C01 · Alto Fluxo / Ponto de Passagem,a,a,8460.12020,7994.43110,10178.13610,6630.60290,0.20307,84.00000,0.56995,0.05296,8908.15971,163534.41957,P3 · ACOMPANHAMENTO
90,1,C01 · Alto Fluxo / Ponto de Passagem,a,a,8416.76860,7994.43110,10178.13610,6630.60290,0.20927,85.00000,0.56477,0.05502,8879.86763,169031.14418,P3 · ACOMPANHAMENTO
947,1,C01 · Alto Fluxo / Ponto de Passagem,a,a,8392.39820,7994.43110,10178.13610,6630.60290,0.21278,86.00000,0.55959,0.05647,8866.30014,172974.20867,P3 · ACOMPANHAMENTO
248,1,C01 · Alto Fluxo / Ponto de Passagem,a,c,8362.17090,7994.43110,10178.13610,6630.60290,0.21716,87.00000,0.55440,0.05815,8848.42278,177481.93462,P3 · ACOMPANHAMENTO
145,1,C01 · Alto Fluxo / Ponto de Passagem,a,a,8342.26320,7994.43110,10178.13610,6630.60290,0.22007,88.00000,0.54922,0.05949,8838.52775,181136.56193,P3 · ACOMPANHAMENTO
699,1,C01 · Alto Fluxo / Ponto de Passagem,a,a,8331.00520,7994.43110,10178.13610,6630.60290,0.22172,89.00000,0.54404,0.06053,8835.27261,184057.60602,P3 · ACOMPANHAMENTO
971,1,C01 · Alto Fluxo / Ponto de Passagem,c,a,8280.81870,7994.43110,10178.13610,6630.60290,0.22912,90.00000,0.53886,0.06304,8802.82495,190532.28096,P3 · ACOMPANHAMENTO
490,1,C01 · Alto Fluxo / Ponto de Passagem,a,a,8249.72830,7994.43110,10178.13610,6630.60290,0.23375,91.00000,0.53368,0.06488,8784.96242,195360.45467,P3 · ACOMPANHAMENTO
173,1,C01 · Alto Fluxo / Ponto de Passagem,a,a,8232.78320,7994.43110,10178.13610,6630.60290,0.23629,92.00000,0.52850,0.06620,8777.82638,198940.76033,P3 · ACOMPANHAMENTO
665,1,C01 · Alto Fluxo / Ponto de Passagem,a,a,8228.48770,7994.43110,10178.13610,6630.60290,0.23694,93.00000,0.52332,0.06705,8780.18311,201368.82641,P3 · ACOMPANHAMENTO
1039,1,C01 · Alto Fluxo / Ponto de Passagem,a,c,8202.70350,7994.43110,10178.13610,6630.60290,0.24083,94.00000,0.51813,0.06875,8766.65577,205842.57893,P3 · ACOMPANHAMENTO
730,1,C01 · Alto Fluxo / Ponto de Passagem,c,a,8055.37240,7994.43110,10178.13610,6630.60290,0.26352,95.00000,0.51295,0.07552,8663.69801,222038.84871,P3 · ACOMPANHAMENTO
11,1,C01 · Alto Fluxo / Ponto de Passagem,a,c,8030.97700,7994.43110,10178.13610,6630.60290,0.26736,96.00000,0.50777,0.07731,8651.83577,226613.45102,P3 · ACOMPANHAMENTO
643,1,C01 · Alto Fluxo / Ponto de Passagem,a,a,7994.43110,7994.43110,10178.13610,6630.60290,0.27315,97.00000,0.50259,0.07966,8631.22751,232430.68938,P3 · ACOMPANHAMENTO
891,1,C01 · Alto Fluxo / Ponto de Passagem,a,c,7976.40720,7994.43110,10178.13610,6630.60290,0.27603,98.00000,0.49741,0.08123,8624.32278,236489.18686,P2 · AÇÃO PLANEJADA
944,1,C01 · Alto Fluxo / Ponto de Passagem,c,a,7930.50770,7994.43110,10178.13610,6630.60290,0.28342,99.00000,0.49223,0.08408,8597.28893,243375.14764,P2 · AÇÃO PLANEJADA
1011,1,C01 · Alto Fluxo / Ponto de Passagem,a,c,7878.23750,7994.43110,10178.13610,6630.60290,0.29193,100.00000,0.48705,0.08729,8565.91309,251001.59214,P2 · AÇÃO PLANEJADA
492,1,C01 · Alto Fluxo / Ponto de Passagem,a,a,7859.12540,7994.43110,10178.13610,6630.60290,0.29507,101.00000,0.48187,0.08901,8558.70545,255346.71733,P2 · AÇÃO PLANEJADA
696,1,C01 · Alto Fluxo / Ponto de Passagem,a,c,7850.13900,7994.43110,10178.13610,6630.60290,0.29655,102.00000,0.47668,0.09028,8558.87310,258687.94626,P2 · AÇÃO PLANEJADA
377,1,C01 · Alto Fluxo / Ponto de Passagem,a,c,7818.52680,7994.43110,10178.13610,6630.60290,0.30180,103.00000,0.47150,0.09265,8542.92113,264403.92919,P2 · AÇÃO PLANEJADA
784,1,C01 · Alto Fluxo / Ponto de Passagem,a,a,7751.30940,7994.43110,10178.13610,6630.60290,0.31309,104.00000,0.46632,0.09682,8501.82993,273939.99442,P2 · AÇÃO PLANEJADA
1099,1,C01 · Alto Fluxo / Ponto de Passagem,a,c,7743.11200,7994.43110,10178.13610,6630.60290,0.31448,105.00000,0.46114,0.09813,8502.93584,277335.70067,P2 · AÇÃO PLANEJADA
238,1,C01 · Alto Fluxo / Ponto de Passagem,a,a,7671.73330,7994.43110,10178.13610,6630.60290,0.32671,106.00000,0.45596,0.10268,8459.50523,287536.75588,P2 · AÇÃO PLANEJADA
760,1,C01 · Alto Fluxo / Ponto de Passagem,a,a,7638.36420,7994.43110,10178.13610,6630.60290,0.33250,107.00000,0.45078,0.10493,8439.83484,292536.78375,P2 · AÇÃO PLANEJADA
651,1,C01 · Alto Fluxo / Ponto de Passagem,a,a,7615.86520,7994.43110,10178.13610,6630.60290,0.33644,108.00000,0.44560,0.10493,8414.97509,291675.10906,P2 · AÇÃO PLANEJADA
68,1,C01 · Alto Fluxo / Ponto de Passagem,a,c,7563.25260,7994.43110,10178.13610,6630.60290,0.34574,109.00000,0.44041,0.10493,8356.84201,289660.13303,P2 · AÇÃO PLANEJADA
1051,1,C01 · Alto Fluxo / Ponto de Passagem,c,a,7490.75850,7994.43110,10178.13610,6630.60290,0.35876,110.00000,0.43523,0.10493,8276.74132,286883.72825,P2 · AÇÃO PLANEJADA
840,1,C01 · Alto Fluxo / Ponto de Passagem,a,a,7319.02040,7994.43110,10178.13610,6630.60290,0.39064,111.00000,0.43005,0.10493,8086.98325,280306.44153,P2 · AÇÃO PLANEJADA
163,1,C01 · Alto Fluxo / Ponto de Passagem,a,a,7298.70660,7994.43110,10178.13610,6630.60290,0.39451,112.00000,0.42487,0.10493,8064.53799,279528.45641,P2 · AÇÃO PLANEJADA
179,1,C01 · Alto Fluxo / Ponto de Passagem,a,c,7295.27470,7994.43110,10178.13610,6630.60290,0.39517,113.00000,0.41969,0.10493,8060.74599,279397.02028,P2 · AÇÃO PLANEJADA
1073,1,C01 · Alto Fluxo / Ponto de Passagem,a,c,7276.79200,7994.43110,10178.13610,6630.60290,0.39871,114.00000,0.41451,0.10493,8040.32395,278689.16328,P2 · AÇÃO PLANEJADA
85,1,C01 · Alto Fluxo / Ponto de Passagem,b,a,7272.45440,7994.43110,10178.13610,6630.60290,0.39955,115.00000,0.40933,0.10493,8035.53122,278523.04033,P2 · AÇÃO PLANEJADA
216,1,C01 · Alto Fluxo / Ponto de Passagem,c,a,7226.77580,7994.43110,10178.13610,6630.60290,0.40839,116.00000,0.40415,0.10493,7985.05970,276773.62509,P2 · AÇÃO PLANEJADA
1017,1,C01 · Alto Fluxo / Ponto de Passagem,c,a,7222.21250,7994.43110,10178.13610,6630.60290,0.40928,117.00000,0.39896,0.10493,7980.01759,276598.85821,P2 · AÇÃO PLANEJADA
206,1,C01 · Alto Fluxo / Ponto de Passagem,a,c,7157.55200,7994.43110,10178.13610,6630.60290,0.42201,118.00000,0.39378,0.10493,7908.57246,274122.46743,P2 · AÇÃO PLANEJADA
930,1,C01 · Alto Fluxo / Ponto de Passagem,a,a,7150.15790,7994.43110,10178.13610,6630.60290,0.42348,119.00000,0.38860,0.10493,7900.40252,273839.28556,P2 · AÇÃO PLANEJADA
47,1,C01 · Alto Fluxo / Ponto de Passagem,a,c,7145.10200,7994.43110,10178.13610,6630.60290,0.42449,120.00000,0.38342,0.10493,7894.81612,273645.65291,P2 · AÇÃO PLANEJADA
363,1,C01 · Alto Fluxo / Ponto de Passagem,a,a,7134.20030,7994.43110,10178.13610,6630.60290,0.42667,121.00000,0.37824,0.10493,7882.77053,273228.13573,P2 · AÇÃO PLANEJADA
847,1,C01 · Alto Fluxo / Ponto de Passagem,c,c,7111.76160,7994.43110,10178.13610,6630.60290,0.43117,122.00000,0.37306,0.10493,7857.97741,272368.77043,P2 · AÇÃO PLANEJADA
102,1,C01 · Alto Fluxo / Ponto de Passagem,a,a,7079.52670,7994.43110,10178.13610,6630.60290,0.43769,123.00000,0.36788,0.10493,7822.36020,271134.22679,P2 · AÇÃO PLANEJADA
300,1,C01 · Alto Fluxo / Ponto de Passagem,a,c,7077.59590,7994.43110,10178.13610,6630.60290,0.43808,124.00000,0.36269,0.10493,7820.22680,271060.28032,P2 · AÇÃO PLANEJADA
243,1,C01 · Alto Fluxo / Ponto de Passagem,a,a,7074.07060,7994.43110,10178.13610,6630.60290,0.43879,125.00000,0.35751,0.10493,7816.33161,270925.26713,P2 · AÇÃO PLANEJADA
304,1,C01 · Alto Fluxo / Ponto de Passagem,a,a,7067.70280,7994.43110,10178.13610,6630.60290,0.44009,126.00000,0.35233,0.10493,7809.29565,270681.39087,P2 · AÇÃO PLANEJADA
936,1,C01 · Alto Fluxo / Ponto de Passagem,a,a,7056.28500,7994.43110,10178.13610,6630.60290,0.44242,127.00000,0.34715,0.10493,7796.67982,270244.10791,P2 · AÇÃO PLANEJADA
1082,1,C01 · Alto Fluxo / Ponto de Passagem,c,a,7044.78720,7994.43110,10178.13610,6630.60290,0.44478,128.00000,0.34197,0.10493,7783.97559,269803.76109,P2 · AÇÃO PLANEJADA
1070,1,C01 · Alto Fluxo / Ponto de Passagem,c,c,7034.71170,7994.43110,10178.13610,6630.60290,0.44684,129.00000,0.33679,0.10493,7772.84289,269417.88601,P2 · AÇÃO PLANEJADA
582,1,C01 · Alto Fluxo / Ponto de Passagem,a,a,7023.08310,7994.43110,10178.13610,6630.60290,0.44924,130.00000,0.33161,0.10493,7759.99414,268972.52976,P2 · AÇÃO PLANEJADA
576,1,C01 · Alto Fluxo / Ponto de Passagem,c,a,6982.51790,7994.43110,10178.13610,6630.60290,0.45766,131.00000,0.32642,0.10493,7715.17256,267418.94933,P2 · AÇÃO PLANEJADA
172,1,C01 · Alto Fluxo / Ponto de Passagem,a,a,6981.67200,7994.43110,10178.13610,6630.60290,0.45784,132.00000,0.32124,0.10493,7714.23790,267386.55275,P2 · AÇÃO PLANEJADA
954,1,C01 · Alto Fluxo / Ponto de Passagem,a,a,6966.04880,7994.43110,10178.13610,6630.60290,0.46111,133.00000,0.31606,0.10493,7696.97540,266788.20989,P2 · AÇÃO PLANEJADA
948,1,C01 · Alto Fluxo / Ponto de Passagem,b,b,6944.24380,7994.43110,10178.13610,6630.60290,0.46569,134.00000,0.31088,0.10493,7672.88247,265953.11426,P2 · AÇÃO PLANEJADA
896,1,C01 · Alto Fluxo / Ponto de Passagem,a,c,6937.66580,7994.43110,10178.13610,6630.60290,0.46708,135.00000,0.30570,0.10493,7665.61426,265701.18768,P2 · AÇÃO PLANEJADA
603,1,C01 · Alto Fluxo / Ponto de Passagem,a,a,6933.31410,7994.43110,10178.13610,6630.60290,0.46800,136.00000,0.30052,0.10493,7660.80595,265534.52473,P2 · AÇÃO PLANEJADA
1037,1,C01 · Alto Fluxo / Ponto de Passagem,a,c,6906.44360,7994.43110,10178.13610,6630.60290,0.47372,137.00000,0.29534,0.10493,7631.11601,264505.42878,P2 · AÇÃO PLANEJADA
203,1,C01 · Alto Fluxo / Ponto de Passagem,c,c,6775.24040,7994.43110,10178.13610,6630.60290,0.50225,138.00000,0.29016,0.10493,7486.14605,259480.56205,P2 · AÇÃO PLANEJADA
613,1,C01 · Alto Fluxo / Ponto de Passagem,c,a,6728.37210,7994.43110,10178.13610,6630.60290,0.51272,139.00000,0.28497,0.10493,7434.36000,257685.58326,P2 · AÇÃO PLANEJADA
541,1,C01 · Alto Fluxo / Ponto de Passagem,a,c,6720.81260,7994.43110,10178.13610,6630.60290,0.51442,140.00000,0.27979,0.10493,7426.00730,257396.06684,P2 · AÇÃO PLANEJADA
925,1,C01 · Alto Fluxo / Ponto de Passagem,c,a,6702.42710,7994.43110,10178.13610,6630.60290,0.51857,141.00000,0.27461,0.10493,7405.69267,256691.93244,P2 · AÇÃO PLANEJADA
962,1,C01 · Alto Fluxo / Ponto de Passagem,c,a,6690.61490,7994.43110,10178.13610,6630.60290,0.52126,142.00000,0.26943,0.10493,7392.64105,256239.54461,P2 · AÇÃO PLANEJADA
504,1,C01 · Alto Fluxo / Ponto de Passagem,c,c,6673.15820,7994.43110,10178.13610,6630.60290,0.52524,143.00000,0.26425,0.10493,7373.35267,255570.98171,P2 · AÇÃO PLANEJADA
565,1,C01 · Alto Fluxo / Ponto de Passagem,a,c,6636.41720,7994.43110,10178.13610,6630.60290,0.53368,144.00000,0.25907,0.10493,7332.75655,254163.86185,P2 · AÇÃO PLANEJADA
848,1,C01 · Alto Fluxo / Ponto de Passagem,a,c,6630.60290,7994.43110,10178.13610,6630.60290,0.53502,145.00000,0.25389,0.10493,7326.33217,253941.18373,P2 · AÇÃO PLANEJADA
1044,1,C01 · Alto Fluxo / Ponto de Passagem,c,a,6622.01930,7994.43110,10178.13610,6630.60290,0.53701,146.00000,0.24870,0.10493,7316.84792,253612.44597,P1 · AÇÃO URGENTE
882,1,C01 · Alto Fluxo / Ponto de Passagem,a,a,6615.95570,7994.43110,10178.13610,6630.60290,0.53842,147.00000,0.24352,0.10493,7310.14808,253380.22006,P1 · AÇÃO URGENTE
614,1,C01 · Alto Fluxo / Ponto de Passagem,a,a,6590.61540,7994.43110,10178.13610,6630.60290,0.54434,148.00000,0.23834,0.10493,7282.14890,252409.72826,P1 · AÇÃO URGENTE
927,1,C01 · Alto Fluxo / Ponto de Passagem,a,a,6562.11150,7994.43110,10178.13610,6630.60290,0.55105,149.00000,0.23316,0.10493,7250.65417,251318.07578,P1 · AÇÃO URGENTE
205,1,C01 · Alto Fluxo / Ponto de Passagem,a,a,6536.82020,7994.43110,10178.13610,6630.60290,0.55705,150.00000,0.22798,0.10493,7222.70913,250349.46059,P1 · AÇÃO URGENTE
770,1,C01 · Alto Fluxo / Ponto de Passagem,a,c,6477.78820,7994.43110,10178.13610,6630.60290,0.57124,151.00000,0.22280,0.10493,7157.48308,248088.63210,P1 · AÇÃO URGENTE
475,1,C01 · Alto Fluxo / Ponto de Passagem,a,a,6473.81440,7994.43110,10178.13610,6630.60290,0.57220,152.00000,0.21762,0.10493,7153.09232,247936.44210,P1 · AÇÃO URGENTE
410,1,C01 · Alto Fluxo / Ponto de Passagem,c,a,6443.87800,7994.43110,10178.13610,6630.60290,0.57950,153.00000,0.21244,0.10493,7120.01479,246789.92722,P1 · AÇÃO URGENTE
973,1,C01 · Alto Fluxo / Ponto de Passagem,d,c,6440.98590,7994.43110,10178.13610,6630.60290,0.58021,154.00000,0.20725,0.10493,7116.81923,246679.16455,P1 · AÇÃO URGENTE
893,1,C01 · Alto Fluxo / Ponto de Passagem,a,a,6396.59000,7994.43110,10178.13610,6630.60290,0.59118,155.00000,0.20207,0.10493,7067.76500,244978.87461,P1 · AÇÃO URGENTE
1084,1,C01 · Alto Fluxo / Ponto de Passagem,a,a,6271.36960,7994.43110,10178.13610,6630.60290,0.62295,156.00000,0.19689,0.10493,6929.40560,240183.13928,P1 · AÇÃO URGENTE
907,1,C01 · Alto Fluxo / Ponto de Passagem,a,c,6270.74970,7994.43110,10178.13610,6630.60290,0.62311,157.00000,0.19171,0.10493,6928.72065,240159.39813,P1 · AÇÃO URGENTE
293,1,C01 · Alto Fluxo / Ponto de Passagem,c,c,6257.76500,7994.43110,10178.13610,6630.60290,0.62648,158.00000,0.18653,0.10493,6914.37351,239662.10548,P1 · AÇÃO URGENTE
74,1,C01 · Alto Fluxo / Ponto de Passagem,a,a,6256.63020,7994.43110,10178.13610,6630.60290,0.62678,159.00000,0.18135,0.10493,6913.11964,239618.64450,P1 · AÇÃO URGENTE
456,1,C01 · Alto Fluxo / Ponto de Passagem,a,c,6190.56100,7994.43110,10178.13610,6630.60290,0.64414,160.00000,0.17617,0.10493,6840.11799,237088.30283,P1 · AÇÃO URGENTE
331,1,C01 · Alto Fluxo / Ponto de Passagem,a,c,6160.85620,7994.43110,10178.13610,6630.60290,0.65207,161.00000,0.17098,0.10493,6807.29636,235950.65785,P1 · AÇÃO URGENTE
737,1,C01 · Alto Fluxo / Ponto de Passagem,a,a,6117.90120,7994.43110,10178.13610,6630.60290,0.66366,162.00000,0.16580,0.10493,6759.83422,234305.55201,P1 · AÇÃO URGENTE
984,1,C01 · Alto Fluxo / Ponto de Passagem,c,a,6067.21910,7994.43110,10178.13610,6630.60290,0.67756,163.00000,0.16062,0.10493,6703.83420,232364.51095,P1 · AÇÃO URGENTE
657,1,C01 · Alto Fluxo / Ponto de Passagem,c,c,6054.71520,7994.43110,10178.13610,6630.60290,0.68103,164.00000,0.15544,0.10493,6690.01830,231885.63215,P1 · AÇÃO URGENTE
829,1,C01 · Alto Fluxo / Ponto de Passagem,c,a,5920.66970,7994.43110,10178.13610,6630.60290,0.71909,165.00000,0.15026,0.10493,6541.90781,226751.91001,P1 · AÇÃO URGENTE
621,1,C01 · Alto Fluxo / Ponto de Passagem,a,a,5916.22460,7994.43110,10178.13610,6630.60290,0.72038,166.00000,0.14508,0.10493,6536.99630,226581.66999,P1 · AÇÃO URGENTE
778,1,C01 · Alto Fluxo / Ponto de Passagem,a,a,5901.25720,7994.43110,10178.13610,6630.60290,0.72474,167.00000,0.13990,0.10493,6520.45841,226008.44319,P1 · AÇÃO URGENTE
516,1,C01 · Alto Fluxo / Ponto de Passagem,a,c,5879.08470,7994.43110,10178.13610,6630.60290,0.73125,168.00000,0.13472,0.10493,6495.95942,225159.27292,P1 · AÇÃO URGENTE
166,1,C01 · Alto Fluxo / Ponto de Passagem,a,c,5819.24650,7994.43110,10178.13610,6630.60290,0.74905,169.00000,0.12953,0.10493,6429.84258,222867.56829,P1 · AÇÃO URGENTE
773,1,C01 · Alto Fluxo / Ponto de Passagem,a,a,5716.10880,7994.43110,10178.13610,6630.60290,0.78061,170.00000,0.12435,0.10493,6315.88295,218917.56404,P1 · AÇÃO URGENTE
585,1,C01 · Alto Fluxo / Ponto de Passagem,d,c,5675.15690,7994.43110,10178.13610,6630.60290,0.79345,171.00000,0.11917,0.10493,6270.63409,217349.17364,P1 · AÇÃO URGENTE
353,1,C01 · Alto Fluxo / Ponto de Passagem,b,b,5651.36880,7994.43110,10178.13610,6630.60290,0.80100,172.00000,0.11399,0.10493,6244.34997,216438.12854,P1 · AÇÃO URGENTE
690,1,C01 · Alto Fluxo / Ponto de Passagem,a,a,5589.98720,7994.43110,10178.13610,6630.60290,0.82078,173.00000,0.10881,0.10493,6176.52779,214087.31423,P1 · AÇÃO URGENTE
397,1,C01 · Alto Fluxo / Ponto de Passagem,a,c,5574.88320,7994.43110,10178.13610,6630.60290,0.82571,174.00000,0.10363,0.10493,6159.83897,213508.85588,P1 · AÇÃO URGENTE
341,1,C01 · Alto Fluxo / Ponto de Passagem,a,a,5511.53400,7994.43110,10178.13610,6630.60290,0.84670,175.00000,0.09845,0.10493,6089.84273,211082.68573,P1 · AÇÃO URGENTE
512,1,C01 · Alto Fluxo / Ponto de Passagem,b,b,5510.97850,7994.43110,10178.13610,6630.60290,0.84688,176.00000,0.09326,0.10493,6089.22894,211061.41099,P1 · AÇÃO URGENTE
6,1,C01 · Alto Fluxo / Ponto de Passagem,a,a,5509.94620,7994.43110,10178.13610,6630.60290,0.84723,177.00000,0.08808,0.10493,6088.08832,211021.87560,P1 · AÇÃO URGENTE
916,1,C01 · Alto Fluxo / Ponto de Passagem,a,a,5382.22680,7994.43110,10178.13610,6630.60290,0.89106,178.00000,0.08290,0.10493,5946.96771,206130.43268,P1 · AÇÃO URGENTE
1008,1,C01 · Alto Fluxo / Ponto de Passagem,a,c,5331.10330,7994.43110,10178.13610,6630.60290,0.90920,179.00000,0.07772,0.10493,5890.47998,204172.48673,P1 · AÇÃO URGENTE
30,1,C01 · Alto Fluxo / Ponto de Passagem,a,a,5294.78250,7994.43110,10178.13610,6630.60290,0.92230,180.00000,0.07254,0.10493,5850.34814,202781.45983,P1 · AÇÃO URGENTE
295,1,C01 · Alto Fluxo / Ponto de Passagem,a,a,5285.43110,7994.43110,10178.13610,6630.60290,0.92570,181.00000,0.06736,0.10493,5840.01553,202423.31660,P1 · AÇÃO URGENTE
680,1,C01 · Alto Fluxo / Ponto de Passagem,c,a,5205.30610,7994.43110,10178.13610,6630.60290,0.95534,182.00000,0.06218,0.10493,5751.48325,199354.66090,P1 · AÇÃO URGENTE
499,1,C01 · Alto Fluxo / Ponto de Passagem,c,c,5155.98840,7994.43110,10178.13610,6630.60290,0.97404,183.00000,0.05699,0.10493,5696.99079,197465.87412,P1 · AÇÃO URGENTE
816,1,C01 · Alto Fluxo / Ponto de Passagem,c,c,5133.07700,7994.43110,10178.13610,6630.60290,0.98285,184.00000,0.05181,0.10493,5671.67537,196588.40519,P1 · AÇÃO URGENTE
597,1,C01 · Alto Fluxo / Ponto de Passagem,a,a,5080.22460,7994.43110,10178.13610,6630.60290,1.00348,185.00000,0.04663,0.10493,5613.27733,194564.24521,P1 · AÇÃO URGENTE
40,1,C01 · Alto Fluxo / Ponto de Passagem,a,a,4902.33890,7994.43110,10178.13610,6630.60290,1.07618,186.00000,0.04145,0.10493,5416.72661,187751.51552,P1 · AÇÃO URGENTE
61,1,C01 · Alto Fluxo / Ponto de Passagem,a,c,4722.00510,7994.43110,10178.13610,6630.60290,1.15547,187.00000,0.03627,0.10493,5217.47093,180845.02763,P1 · AÇÃO URGENTE
988,1,C01 · Alto Fluxo / Ponto de Passagem,a,a,4698.07140,7994.43110,10178.13610,6630.60290,1.16645,188.00000,0.03109,0.10493,5191.02594,179928.40629,P1 · AÇÃO URGENTE
596,1,C01 · Alto Fluxo / Ponto de Passagem,c,a,4505.81890,7994.43110,10178.13610,6630.60290,1.25889,189.00000,0.02591,0.10493,4978.60096,172565.45180,P1 · AÇÃO URGENTE
557,1,C01 · Alto Fluxo / Ponto de Passagem,a,a,4383.07970,7994.43110,10178.13610,6630.60290,1.32214,190.00000,0.02073,0.10493,4842.98310,167864.74234,P1 · AÇÃO URGENTE
811,1,C01 · Alto Fluxo / Ponto de Passagem,a,a,4132.03830,7994.43110,10178.13610,6630.60290,1.46322,191.00000,0.01554,0.10493,4565.60068,158250.26969,P1 · AÇÃO URGENTE
1049,1,C01 · Alto Fluxo / Ponto de Passagem,a,a,3985.37940,7994.43110,10178.13610,6630.60290,1.55387,192.00000,0.01036,0.10493,4403.55330,152633.47507,P1 · AÇÃO URGENTE
1076,1,C01 · Alto Fluxo / Ponto de Passagem,a,c,3620.02570,7994.43110,10178.13610,6630.60290,1.81162,193.00000,0.00518,0.10493,3999.86414,138641.02937,P1 · AÇÃO URGENTE
261,2,C02 · Promo-Dependent,d,c,12616.48780,5727.01300,6808.07980,4881.17350,-0.46038,1.00000,1.00000,0.01225,12771.00193,56397.65602,P4 · MANUTENÇÃO / REFERÊNCIA
1014,2,C02 · Promo-Dependent,a,c,12206.80620,5727.01300,6808.07980,4881.17350,-0.44227,2.00000,0.99563,0.01225,12356.30296,54566.31577,P4 · MANUTENÇÃO / REFERÊNCIA
234,2,C02 · Promo-Dependent,d,a,11072.31580,5727.01300,6808.07980,4881.17350,-0.38513,3.00000,0.99127,0.01225,11207.91845,49494.96783,P4 · MANUTENÇÃO / REFERÊNCIA
726,2,C02 · Promo-Dependent,a,c,11048.67310,5727.01300,6808.07980,4881.17350,-0.38381,4.00000,0.98690,0.01225,11183.98620,49389.28130,P4 · MANUTENÇÃO / REFERÊNCIA
963,2,C02 · Promo-Dependent,a,c,10764.32090,5727.01300,6808.07980,4881.17350,-0.36753,5.00000,0.98253,0.01225,10896.15154,48118.18289,P4 · MANUTENÇÃO / REFERÊNCIA
1112,2,C02 · Promo-Dependent,c,c,10236.57770,5727.01300,6808.07980,4881.17350,-0.33493,6.00000,0.97817,0.01225,10361.94507,45759.08899,P4 · MANUTENÇÃO / REFERÊNCIA
396,2,C02 · Promo-Dependent,a,c,10222.09230,5727.01300,6808.07980,4881.17350,-0.33398,7.00000,0.97380,0.01225,10347.28226,45694.33701,P4 · MANUTENÇÃO / REFERÊNCIA
178,2,C02 · Promo-Dependent,d,a,10089.92560,5727.01300,6808.07980,4881.17350,-0.32526,8.00000,0.96943,0.01225,10213.49692,45103.53137,P4 · MANUTENÇÃO / REFERÊNCIA
368,2,C02 · Promo-Dependent,d,c,9686.26900,5727.01300,6808.07980,4881.17350,-0.29714,9.00000,0.96507,0.01225,9804.89674,43299.12380,P4 · MANUTENÇÃO / REFERÊNCIA
809,2,C02 · Promo-Dependent,a,a,9393.61490,5727.01300,6808.07980,4881.17350,-0.27524,10.00000,0.96070,0.01225,9508.65850,41990.91461,P4 · MANUTENÇÃO / REFERÊNCIA
608,2,C02 · Promo-Dependent,a,c,9326.97180,5727.01300,6808.07980,4881.17350,-0.27007,11.00000,0.95633,0.01225,9441.19922,41693.00963,P4 · MANUTENÇÃO / REFERÊNCIA
167,2,C02 · Promo-Dependent,a,a,9295.77950,5727.01300,6808.07980,4881.17350,-0.26762,12.00000,0.95197,0.01225,9409.62491,41553.57521,P4 · MANUTENÇÃO / REFERÊNCIA
876,2,C02 · Promo-Dependent,a,a,9228.90990,5727.01300,6808.07980,4881.17350,-0.26231,13.00000,0.94760,0.01225,9341.93636,41254.65773,P4 · MANUTENÇÃO / REFERÊNCIA
846,2,C02 · Promo-Dependent,a,c,9224.63800,5727.01300,6808.07980,4881.17350,-0.26197,14.00000,0.94323,0.01225,9337.61214,41235.56168,P4 · MANUTENÇÃO / REFERÊNCIA
999,2,C02 · Promo-Dependent,d,c,9183.74490,5727.01300,6808.07980,4881.17350,-0.25868,15.00000,0.93886,0.01225,9296.21822,41052.76318,P4 · MANUTENÇÃO / REFERÊNCIA
375,2,C02 · Promo-Dependent,a,c,9164.38460,5727.01300,6808.07980,4881.17350,-0.25712,16.00000,0.93450,0.01225,9276.62082,40966.21964,P4 · MANUTENÇÃO / REFERÊNCIA
82,2,C02 · Promo-Dependent,a,a,9019.65340,5727.01300,6808.07980,4881.17350,-0.24519,17.00000,0.93013,0.01225,9130.11710,40319.24874,P4 · MANUTENÇÃO / REFERÊNCIA
662,2,C02 · Promo-Dependent,d,a,8439.52420,5727.01300,6808.07980,4881.17350,-0.19331,18.00000,0.92576,0.01225,8542.88305,37725.98130,P4 · MANUTENÇÃO / REFERÊNCIA
171,2,C02 · Promo-Dependent,a,a,8429.14760,5727.01300,6808.07980,4881.17350,-0.19232,19.00000,0.92140,0.01225,8532.37937,37679.59629,P4 · MANUTENÇÃO / REFERÊNCIA
123,2,C02 · Promo-Dependent,a,a,8399.20440,5727.01300,6808.07980,4881.17350,-0.18944,20.00000,0.91703,0.01225,8502.06946,37545.74554,P4 · MANUTENÇÃO / REFERÊNCIA
310,2,C02 · Promo-Dependent,a,c,8236.36340,5727.01300,6808.07980,4881.17350,-0.17341,21.00000,0.91266,0.01225,8337.23414,36817.82103,P4 · MANUTENÇÃO / REFERÊNCIA
60,2,C02 · Promo-Dependent,d,c,8033.08720,5727.01300,6808.07980,4881.17350,-0.15250,22.00000,0.90830,0.01225,8131.46842,35909.14491,P4 · MANUTENÇÃO / REFERÊNCIA
291,2,C02 · Promo-Dependent,d,a,8023.03970,5727.01300,6808.07980,4881.17350,-0.15143,23.00000,0.90393,0.01225,8121.29787,35864.23103,P4 · MANUTENÇÃO / REFERÊNCIA
928,2,C02 · Promo-Dependent,d,c,8014.68290,5727.01300,6808.07980,4881.17350,-0.15055,24.00000,0.89956,0.01225,8112.83872,35826.87484,P4 · MANUTENÇÃO / REFERÊNCIA
705,2,C02 · Promo-Dependent,a,a,7967.26700,5727.01300,6808.07980,4881.17350,-0.14549,25.00000,0.89520,0.01225,8064.84212,35614.91842,P4 · MANUTENÇÃO / REFERÊNCIA
957,2,C02 · Promo-Dependent,d,c,7898.88520,5727.01300,6808.07980,4881.17350,-0.13810,26.00000,0.89083,0.01225,7995.62285,35309.24117,P4 · MANUTENÇÃO / REFERÊNCIA
271,2,C02 · Promo-Dependent,a,a,7841.69100,5727.01300,6808.07980,4881.17350,-0.13181,27.00000,0.88646,0.01225,7937.72819,35053.57423,P4 · MANUTENÇÃO / REFERÊNCIA
552,2,C02 · Promo-Dependent,a,a,7721.86680,5727.01300,6808.07980,4881.17350,-0.11834,28.00000,0.88210,0.01225,7816.43650,34517.94149,P4 · MANUTENÇÃO / REFERÊNCIA
466,2,C02 · Promo-Dependent,a,c,7712.36590,5727.01300,6808.07980,4881.17350,-0.11725,29.00000,0.87773,0.01225,7806.81925,34475.47099,P4 · MANUTENÇÃO / REFERÊNCIA
524,2,C02 · Promo-Dependent,a,c,7710.81950,5727.01300,6808.07980,4881.17350,-0.11707,30.00000,0.87336,0.01225,7805.25391,34468.55834,P4 · MANUTENÇÃO / REFERÊNCIA
863,2,C02 · Promo-Dependent,a,c,7707.84780,5727.01300,6808.07980,4881.17350,-0.11673,31.00000,0.86900,0.01225,7802.24581,34455.27438,P4 · MANUTENÇÃO / REFERÊNCIA
427,2,C02 · Promo-Dependent,a,c,7643.24400,5727.01300,6808.07980,4881.17350,-0.10927,32.00000,0.86463,0.01225,7736.85081,34166.48538,P4 · MANUTENÇÃO / REFERÊNCIA
95,2,C02 · Promo-Dependent,a,a,7638.54360,5727.01300,6808.07980,4881.17350,-0.10872,33.00000,0.86026,0.01225,7732.09284,34145.47387,P4 · MANUTENÇÃO / REFERÊNCIA
892,2,C02 · Promo-Dependent,a,a,7599.16280,5727.01300,6808.07980,4881.17350,-0.10410,34.00000,0.85590,0.01225,7692.22975,33969.43559,P4 · MANUTENÇÃO / REFERÊNCIA
168,2,C02 · Promo-Dependent,a,a,7517.14800,5727.01300,6808.07980,4881.17350,-0.09433,35.00000,0.85153,0.01225,7609.21051,33602.81672,P4 · MANUTENÇÃO / REFERÊNCIA
745,2,C02 · Promo-Dependent,a,a,7499.07820,5727.01300,6808.07980,4881.17350,-0.09214,36.00000,0.84716,0.01225,7590.91941,33522.04191,P4 · MANUTENÇÃO / REFERÊNCIA
798,2,C02 · Promo-Dependent,a,a,7468.27440,5727.01300,6808.07980,4881.17350,-0.08840,37.00000,0.84279,0.01225,7559.73836,33384.34415,P4 · MANUTENÇÃO / REFERÊNCIA
792,2,C02 · Promo-Dependent,d,a,7389.37360,5727.01300,6808.07980,4881.17350,-0.07867,38.00000,0.83843,0.01225,7479.87126,33031.64534,P4 · MANUTENÇÃO / REFERÊNCIA
1003,2,C02 · Promo-Dependent,a,a,7382.80360,5727.01300,6808.07980,4881.17350,-0.07785,39.00000,0.83406,0.01225,7473.22080,33002.27643,P4 · MANUTENÇÃO / REFERÊNCIA
138,2,C02 · Promo-Dependent,a,c,7334.91790,5727.01300,6808.07980,4881.17350,-0.07183,40.00000,0.82969,0.01225,7424.74864,32788.21993,P4 · MANUTENÇÃO / REFERÊNCIA
933,2,C02 · Promo-Dependent,a,c,7331.47950,5727.01300,6808.07980,4881.17350,-0.07139,41.00000,0.82533,0.01225,7421.26813,32772.84974,P4 · MANUTENÇÃO / REFERÊNCIA
489,2,C02 · Promo-Dependent,a,a,7306.36790,5727.01300,6808.07980,4881.17350,-0.06820,42.00000,0.82096,0.01225,7395.84899,32660.59700,P4 · MANUTENÇÃO / REFERÊNCIA
392,2,C02 · Promo-Dependent,a,a,7279.42880,5727.01300,6808.07980,4881.17350,-0.06475,43.00000,0.81659,0.01225,7368.57996,32540.17505,P4 · MANUTENÇÃO / REFERÊNCIA
796,2,C02 · Promo-Dependent,a,c,7244.77280,5727.01300,6808.07980,4881.17350,-0.06028,44.00000,0.81223,0.01225,7333.49953,32385.25736,P4 · MANUTENÇÃO / REFERÊNCIA
779,2,C02 · Promo-Dependent,a,a,7128.52180,5727.01300,6808.07980,4881.17350,-0.04495,45.00000,0.80786,0.01225,7215.82481,31865.59737,P4 · MANUTENÇÃO / REFERÊNCIA
313,2,C02 · Promo-Dependent,d,c,7075.49490,5727.01300,6808.07980,4881.17350,-0.03779,46.00000,0.80349,0.01225,7162.14849,31628.55890,P4 · MANUTENÇÃO / REFERÊNCIA
153,2,C02 · Promo-Dependent,a,a,7066.81260,5727.01300,6808.07980,4881.17350,-0.03661,47.00000,0.79913,0.01225,7153.35985,31589.74768,P4 · MANUTENÇÃO / REFERÊNCIA
401,2,C02 · Promo-Dependent,a,c,7026.53210,5727.01300,6808.07980,4881.17350,-0.03109,48.00000,0.79476,0.01225,7112.58604,31409.68760,P4 · MANUTENÇÃO / REFERÊNCIA
290,2,C02 · Promo-Dependent,a,a,7014.15790,5727.01300,6808.07980,4881.17350,-0.02938,49.00000,0.79039,0.01225,7100.06029,31354.37301,P4 · MANUTENÇÃO / REFERÊNCIA
759,2,C02 · Promo-Dependent,a,a,7010.13740,5727.01300,6808.07980,4881.17350,-0.02882,50.00000,0.78603,0.01225,7095.99055,31336.40075,P4 · MANUTENÇÃO / REFERÊNCIA
976,2,C02 · Promo-Dependent,a,a,6974.96530,5727.01300,6808.07980,4881.17350,-0.02393,51.00000,0.78166,0.01225,7060.38770,31179.17601,P4 · MANUTENÇÃO / REFERÊNCIA
156,2,C02 · Promo-Dependent,a,a,6961.61130,5727.01300,6808.07980,4881.17350,-0.02205,52.00000,0.77729,0.01225,7046.87015,31119.48156,P4 · MANUTENÇÃO / REFERÊNCIA
3,2,C02 · Promo-Dependent,a,a,6942.56870,5727.01300,6808.07980,4881.17350,-0.01937,53.00000,0.77293,0.01225,7027.59434,31034.35819,P4 · MANUTENÇÃO / REFERÊNCIA
630,2,C02 · Promo-Dependent,a,a,6935.85240,5727.01300,6808.07980,4881.17350,-0.01842,54.00000,0.76856,0.01225,7020.79578,31004.33529,P4 · MANUTENÇÃO / REFERÊNCIA
329,2,C02 · Promo-Dependent,a,a,6912.71630,5727.01300,6808.07980,4881.17350,-0.01514,55.00000,0.76419,0.01225,6997.37634,30900.91333,P4 · MANUTENÇÃO / REFERÊNCIA
1072,2,C02 · Promo-Dependent,a,c,6821.91140,5727.01300,6808.07980,4881.17350,-0.00203,56.00000,0.75983,0.01225,6905.45935,30495.00135,P4 · MANUTENÇÃO / REFERÊNCIA
806,2,C02 · Promo-Dependent,d,a,6808.28780,5727.01300,6808.07980,4881.17350,-0.00003,57.00000,0.75546,0.01225,6891.66890,30434.10175,P4 · MANUTENÇÃO / REFERÊNCIA
1078,2,C02 · Promo-Dependent,d,c,6808.07980,5727.01300,6808.07980,4881.17350,0.00000,58.00000,0.75109,0.01225,6891.45835,30433.17196,P4 · MANUTENÇÃO / REFERÊNCIA
508,2,C02 · Promo-Dependent,a,c,6767.69970,5727.01300,6808.07980,4881.17350,0.00597,59.00000,0.74672,0.01225,6850.58372,30252.66665,P3 · ACOMPANHAMENTO
634,2,C02 · Promo-Dependent,d,a,6713.28970,5727.01300,6808.07980,4881.17350,0.01412,60.00000,0.74236,0.01225,6795.50736,30009.44552,P3 · ACOMPANHAMENTO
97,2,C02 · Promo-Dependent,d,c,6703.39620,5727.01300,6808.07980,4881.17350,0.01562,61.00000,0.73799,0.01225,6785.49269,29965.22004,P3 · ACOMPANHAMENTO
652,2,C02 · Promo-Dependent,a,a,6637.63300,5727.01300,6808.07980,4881.17350,0.02568,62.00000,0.73362,0.01225,6718.92409,29671.24834,P3 · ACOMPANHAMENTO
685,2,C02 · Promo-Dependent,a,a,6630.55070,5727.01300,6808.07980,4881.17350,0.02677,63.00000,0.72926,0.01225,6711.75505,29639.58936,P3 · ACOMPANHAMENTO
898,2,C02 · Promo-Dependent,a,a,6615.43480,5727.01300,6808.07980,4881.17350,0.02912,64.00000,0.72489,0.01225,6696.45403,29572.01895,P3 · ACOMPANHAMENTO
693,2,C02 · Promo-Dependent,d,a,6607.93850,5727.01300,6808.07980,4881.17350,0.03029,65.00000,0.72052,0.01225,6688.86592,29538.50933,P3 · ACOMPANHAMENTO
692,2,C02 · Promo-Dependent,a,a,6588.41720,5727.01300,6808.07980,4881.17350,0.03334,66.00000,0.71616,0.01225,6669.10555,29451.24609,P3 · ACOMPANHAMENTO
780,2,C02 · Promo-Dependent,a,a,6547.18850,5727.01300,6808.07980,4881.17350,0.03985,67.00000,0.71179,0.01225,6627.37192,29266.94741,P3 · ACOMPANHAMENTO
996,2,C02 · Promo-Dependent,c,a,6510.04690,5727.01300,6808.07980,4881.17350,0.04578,68.00000,0.70742,0.01229,6590.08142,29212.59855,P3 · ACOMPANHAMENTO
1034,2,C02 · Promo-Dependent,a,a,6503.77560,5727.01300,6808.07980,4881.17350,0.04679,69.00000,0.70306,0.01257,6585.51505,29834.89989,P3 · ACOMPANHAMENTO
715,2,C02 · Promo-Dependent,a,a,6491.09540,5727.01300,6808.07980,4881.17350,0.04883,70.00000,0.69869,0.01302,6575.60946,30847.63267,P3 · ACOMPANHAMENTO
654,2,C02 · Promo-Dependent,c,a,6475.15260,5727.01300,6808.07980,4881.17350,0.05142,71.00000,0.69432,0.01357,6563.02690,32074.11802,P3 · ACOMPANHAMENTO
133,2,C02 · Promo-Dependent,a,a,6467.75960,5727.01300,6808.07980,4881.17350,0.05262,72.00000,0.68996,0.01390,6557.66146,32814.17833,P3 · ACOMPANHAMENTO
1090,2,C02 · Promo-Dependent,a,a,6453.07180,5727.01300,6808.07980,4881.17350,0.05501,73.00000,0.68559,0.01444,6546.25416,34011.56023,P3 · ACOMPANHAMENTO
1062,2,C02 · Promo-Dependent,d,a,6405.98070,5727.01300,6808.07980,4881.17350,0.06277,74.00000,0.68122,0.01593,6508.04078,37251.93085,P3 · ACOMPANHAMENTO
181,2,C02 · Promo-Dependent,a,a,6382.69820,5727.01300,6808.07980,4881.17350,0.06665,75.00000,0.67686,0.01677,6489.74881,39073.47419,P3 · ACOMPANHAMENTO
812,2,C02 · Promo-Dependent,d,a,6366.77820,5727.01300,6808.07980,4881.17350,0.06931,76.00000,0.67249,0.01741,6477.63654,40463.29484,P3 · ACOMPANHAMENTO
617,2,C02 · Promo-Dependent,a,c,6359.16540,5727.01300,6808.07980,4881.17350,0.07059,77.00000,0.66812,0.01781,6472.44121,41345.67184,P3 · ACOMPANHAMENTO
17,2,C02 · Promo-Dependent,a,a,6335.66240,5727.01300,6808.07980,4881.17350,0.07456,78.00000,0.66376,0.01872,6454.24699,43283.37650,P3 · ACOMPANHAMENTO
143,2,C02 · Promo-Dependent,d,a,6314.75610,5727.01300,6808.07980,4881.17350,0.07812,79.00000,0.65939,0.01956,6438.28536,45088.17947,P3 · ACOMPANHAMENTO
1069,2,C02 · Promo-Dependent,a,c,6305.26980,5727.01300,6808.07980,4881.17350,0.07974,80.00000,0.65502,0.02006,6431.74090,46161.95210,P3 · ACOMPANHAMENTO
979,2,C02 · Promo-Dependent,a,c,6264.46040,5727.01300,6808.07980,4881.17350,0.08678,81.00000,0.65066,0.02160,6399.77901,49391.29232,P3 · ACOMPANHAMENTO
686,2,C02 · Promo-Dependent,a,a,6250.41030,5727.01300,6808.07980,4881.17350,0.08922,82.00000,0.64629,0.02228,6389.69444,50838.71224,P3 · ACOMPANHAMENTO
272,2,C02 · Promo-Dependent,a,a,6237.31500,5727.01300,6808.07980,4881.17350,0.09151,83.00000,0.64192,0.02295,6380.45514,52246.15181,P3 · ACOMPANHAMENTO
1107,2,C02 · Promo-Dependent,a,a,6231.72070,5727.01300,6808.07980,4881.17350,0.09249,84.00000,0.63755,0.02336,6377.31862,53143.24169,P3 · ACOMPANHAMENTO
164,2,C02 · Promo-Dependent,a,a,6210.21830,5727.01300,6808.07980,4881.17350,0.09627,85.00000,0.63319,0.02435,6361.43091,55192.60097,P3 · ACOMPANHAMENTO
366,2,C02 · Promo-Dependent,d,c,6196.76280,5727.01300,6808.07980,4881.17350,0.09865,86.00000,0.62882,0.02507,6352.09086,56694.74057,P3 · ACOMPANHAMENTO
830,2,C02 · Promo-Dependent,a,c,6174.87950,5727.01300,6808.07980,4881.17350,0.10254,87.00000,0.62445,0.02611,6336.09325,58843.02020,P3 · ACOMPANHAMENTO
509,2,C02 · Promo-Dependent,a,a,6125.06270,5727.01300,6808.07980,4881.17350,0.11151,88.00000,0.62009,0.02823,6297.96097,63107.86851,P3 · ACOMPANHAMENTO
818,2,C02 · Promo-Dependent,d,a,6110.57230,5727.01300,6808.07980,4881.17350,0.11415,89.00000,0.61572,0.02905,6288.09665,64796.38646,P3 · ACOMPANHAMENTO
658,2,C02 · Promo-Dependent,d,c,6058.83060,5727.01300,6808.07980,4881.17350,0.12366,90.00000,0.61135,0.03136,6248.83553,69351.79858,P3 · ACOMPANHAMENTO
1054,2,C02 · Promo-Dependent,a,c,6034.23210,5727.01300,6808.07980,4881.17350,0.12824,91.00000,0.60699,0.03265,6231.23771,71907.04750,P3 · ACOMPANHAMENTO
88,2,C02 · Promo-Dependent,a,a,6024.43330,5727.01300,6808.07980,4881.17350,0.13008,92.00000,0.60262,0.03336,6225.39032,73349.31288,P3 · ACOMPANHAMENTO
767,2,C02 · Promo-Dependent,a,c,6023.40310,5727.01300,6808.07980,4881.17350,0.13027,93.00000,0.59825,0.03371,6226.46407,74117.25234,P3 · ACOMPANHAMENTO
38,2,C02 · Promo-Dependent,d,a,6004.64310,5727.01300,6808.07980,4881.17350,0.13380,94.00000,0.59389,0.03481,6213.68274,76299.46869,P3 · ACOMPANHAMENTO
92,2,C02 · Promo-Dependent,c,a,5996.68420,5727.01300,6808.07980,4881.17350,0.13531,95.00000,0.58952,0.03547,6209.41657,77647.31578,P3 · ACOMPANHAMENTO
734,2,C02 · Promo-Dependent,a,a,5980.52370,5727.01300,6808.07980,4881.17350,0.13838,96.00000,0.58515,0.03650,6198.80683,79673.34410,P3 · ACOMPANHAMENTO
869,2,C02 · Promo-Dependent,c,a,5973.30770,5727.01300,6808.07980,4881.17350,0.13975,97.00000,0.58079,0.03715,6195.21011,80994.37883,P3 · ACOMPANHAMENTO
93,2,C02 · Promo-Dependent,a,a,5965.17590,5727.01300,6808.07980,4881.17350,0.14130,98.00000,0.57642,0.03785,6190.93395,82401.68720,P3 · ACOMPANHAMENTO
517,2,C02 · Promo-Dependent,a,c,5962.43870,5727.01300,6808.07980,4881.17350,0.14183,99.00000,0.57205,0.03831,6190.85376,83371.49842,P3 · ACOMPANHAMENTO
235,2,C02 · Promo-Dependent,a,a,5935.44810,5727.01300,6808.07980,4881.17350,0.14702,100.00000,0.56769,0.03988,6172.17751,86406.23539,P3 · ACOMPANHAMENTO
636,2,C02 · Promo-Dependent,c,a,5927.69980,5727.01300,6808.07980,4881.17350,0.14852,101.00000,0.56332,0.04060,6168.35256,87838.25612,P3 · ACOMPANHAMENTO
1081,2,C02 · Promo-Dependent,b,a,5924.91940,5727.01300,6808.07980,4881.17350,0.14906,102.00000,0.55895,0.04109,6168.34471,88850.23945,P3 · ACOMPANHAMENTO
635,2,C02 · Promo-Dependent,a,a,5909.24490,5727.01300,6808.07980,4881.17350,0.15211,103.00000,0.55459,0.04219,6158.55594,90998.53045,P3 · ACOMPANHAMENTO
836,2,C02 · Promo-Dependent,a,a,5906.00260,5727.01300,6808.07980,4881.17350,0.15274,104.00000,0.55022,0.04271,6158.25978,92073.87181,P3 · ACOMPANHAMENTO
559,2,C02 · Promo-Dependent,d,a,5882.96150,5727.01300,6808.07980,4881.17350,0.15725,105.00000,0.54585,0.04421,6143.02370,94922.70157,P3 · ACOMPANHAMENTO
476,2,C02 · Promo-Dependent,d,a,5851.60380,5727.01300,6808.07980,4881.17350,0.16346,106.00000,0.54148,0.04615,6121.64361,98564.53144,P3 · ACOMPANHAMENTO
454,2,C02 · Promo-Dependent,a,a,5794.12310,5727.01300,6808.07980,4881.17350,0.17500,107.00000,0.53712,0.04948,6080.81052,104640.90716,P3 · ACOMPANHAMENTO
701,2,C02 · Promo-Dependent,d,a,5778.97430,5727.01300,6808.07980,4881.17350,0.17808,108.00000,0.53275,0.05069,6071.91629,106923.82498,P3 · ACOMPANHAMENTO
292,2,C02 · Promo-Dependent,a,a,5774.09010,5727.01300,6808.07980,4881.17350,0.17907,109.00000,0.52838,0.05138,6070.74553,108279.23088,P3 · ACOMPANHAMENTO
294,2,C02 · Promo-Dependent,a,a,5770.28040,5727.01300,6808.07980,4881.17350,0.17985,110.00000,0.52402,0.05201,6070.39845,109543.08967,P3 · ACOMPANHAMENTO
641,2,C02 · Promo-Dependent,a,c,5764.29530,5727.01300,6808.07980,4881.17350,0.18108,111.00000,0.51965,0.05277,6068.45411,111017.96412,P3 · ACOMPANHAMENTO
855,2,C02 · Promo-Dependent,a,a,5762.67180,5727.01300,6808.07980,4881.17350,0.18141,112.00000,0.51528,0.05329,6069.76458,112088.86478,P3 · ACOMPANHAMENTO
1108,2,C02 · Promo-Dependent,a,a,5746.92180,5727.01300,6808.07980,4881.17350,0.18465,113.00000,0.51092,0.05460,6060.68074,114522.01405,P3 · ACOMPANHAMENTO
253,2,C02 · Promo-Dependent,a,c,5746.72400,5727.01300,6808.07980,4881.17350,0.18469,114.00000,0.50655,0.05505,6063.08690,115472.45957,P3 · ACOMPANHAMENTO
391,2,C02 · Promo-Dependent,a,a,5727.01300,5727.01300,6808.07980,4881.17350,0.18877,115.00000,0.50218,0.05661,6051.22493,118337.35552,P3 · ACOMPANHAMENTO
910,2,C02 · Promo-Dependent,d,c,5708.80640,5727.01300,6808.07980,4881.17350,0.19256,116.00000,0.49782,0.05811,6040.55656,121088.80749,P3 · ACOMPANHAMENTO
324,2,C02 · Promo-Dependent,a,a,5687.98590,5727.01300,6808.07980,4881.17350,0.19692,117.00000,0.49345,0.05979,6028.07058,124130.90709,P3 · ACOMPANHAMENTO
659,2,C02 · Promo-Dependent,d,a,5643.96670,5727.01300,6808.07980,4881.17350,0.20626,118.00000,0.48908,0.06289,5998.89319,129548.16881,P2 · AÇÃO PLANEJADA
209,2,C02 · Promo-Dependent,a,c,5587.78230,5727.01300,6808.07980,4881.17350,0.21839,119.00000,0.48472,0.06682,5961.15233,136280.05931,P2 · AÇÃO PLANEJADA
717,2,C02 · Promo-Dependent,d,c,5552.89470,5727.01300,6808.07980,4881.17350,0.22604,120.00000,0.48035,0.06953,5938.99302,140925.88731,P2 · AÇÃO PLANEJADA
152,2,C02 · Promo-Dependent,a,a,5541.93970,5727.01300,6808.07980,4881.17350,0.22847,121.00000,0.47598,0.07077,5934.15940,143160.18991,P2 · AÇÃO PLANEJADA
8,2,C02 · Promo-Dependent,a,a,5539.35840,5727.01300,6808.07980,4881.17350,0.22904,122.00000,0.47162,0.07149,5935.35605,144539.14345,P2 · AÇÃO PLANEJADA
919,2,C02 · Promo-Dependent,a,a,5536.38160,5727.01300,6808.07980,4881.17350,0.22970,123.00000,0.46725,0.07223,5936.28552,145964.92924,P2 · AÇÃO PLANEJADA
735,2,C02 · Promo-Dependent,d,c,5518.54100,5727.01300,6808.07980,4881.17350,0.23367,124.00000,0.46288,0.07396,5926.68126,148971.19318,P2 · AÇÃO PLANEJADA
59,2,C02 · Promo-Dependent,a,c,5501.31200,5727.01300,6808.07980,4881.17350,0.23754,125.00000,0.45852,0.07567,5917.59628,151943.76185,P2 · AÇÃO PLANEJADA
21,2,C02 · Promo-Dependent,c,c,5482.32050,5727.01300,6808.07980,4881.17350,0.24182,126.00000,0.45415,0.07753,5907.34836,155135.16941,P2 · AÇÃO PLANEJADA
44,2,C02 · Promo-Dependent,a,a,5478.50000,5727.01300,6808.07980,4881.17350,0.24269,127.00000,0.44978,0.07837,5907.85005,156712.76643,P2 · AÇÃO PLANEJADA
1001,2,C02 · Promo-Dependent,c,a,5420.72120,5727.01300,6808.07980,4881.17350,0.25594,128.00000,0.44541,0.08299,5870.60311,164206.89881,P2 · AÇÃO PLANEJADA
1100,2,C02 · Promo-Dependent,a,a,5419.21200,5727.01300,6808.07980,4881.17350,0.25629,129.00000,0.44105,0.08371,5872.88133,165589.30639,P2 · AÇÃO PLANEJADA
1029,2,C02 · Promo-Dependent,a,a,5416.49740,5727.01300,6808.07980,4881.17350,0.25692,130.00000,0.43668,0.08453,5874.33226,167109.72362,P2 · AÇÃO PLANEJADA
1016,2,C02 · Promo-Dependent,c,c,5409.41460,5727.01300,6808.07980,4881.17350,0.25856,131.00000,0.43231,0.08566,5872.76883,169124.29263,P2 · AÇÃO PLANEJADA
695,2,C02 · Promo-Dependent,a,a,5393.12320,5727.01300,6808.07980,4881.17350,0.26236,132.00000,0.42795,0.08747,5864.88126,172191.69146,P2 · AÇÃO PLANEJADA
575,2,C02 · Promo-Dependent,a,a,5367.56660,5727.01300,6808.07980,4881.17350,0.26837,133.00000,0.42358,0.09001,5850.70127,176344.15443,P2 · AÇÃO PLANEJADA
193,2,C02 · Promo-Dependent,a,a,5362.03600,5727.01300,6808.07980,4881.17350,0.26968,134.00000,0.41921,0.09107,5850.36734,178240.94005,P2 · AÇÃO PLANEJADA
433,2,C02 · Promo-Dependent,a,c,5360.86540,5727.01300,6808.07980,4881.17350,0.26996,135.00000,0.41485,0.09181,5853.04109,179644.12740,P2 · AÇÃO PLANEJADA
46,2,C02 · Promo-Dependent,c,a,5352.29100,5727.01300,6808.07980,4881.17350,0.27199,136.00000,0.41048,0.09312,5850.68028,181912.08758,P2 · AÇÃO PLANEJADA
949,2,C02 · Promo-Dependent,a,a,5350.00640,5727.01300,6808.07980,4881.17350,0.27254,137.00000,0.40611,0.09395,5852.62880,183457.17646,P2 · AÇÃO PLANEJADA
581,2,C02 · Promo-Dependent,a,a,5333.71890,5727.01300,6808.07980,4881.17350,0.27642,138.00000,0.40175,0.09588,5845.12120,186661.84018,P2 · AÇÃO PLANEJADA
953,2,C02 · Promo-Dependent,a,a,5323.45520,5727.01300,6808.07980,4881.17350,0.27888,139.00000,0.39738,0.09736,5841.74680,189176.43337,P2 · AÇÃO PLANEJADA
28,2,C02 · Promo-Dependent,a,a,5313.73700,5727.01300,6808.07980,4881.17350,0.28122,140.00000,0.39301,0.09881,5838.79267,191645.31835,P2 · AÇÃO PLANEJADA
176,2,C02 · Promo-Dependent,a,a,5278.17720,5727.01300,6808.07980,4881.17350,0.28985,141.00000,0.38865,0.10239,5818.60449,197255.95915,P2 · AÇÃO PLANEJADA
418,2,C02 · Promo-Dependent,a,a,5275.85180,5727.01300,6808.07980,4881.17350,0.29042,142.00000,0.38428,0.10328,5820.73122,198880.98910,P2 · AÇÃO PLANEJADA
244,2,C02 · Promo-Dependent,d,a,5271.09880,5727.01300,6808.07980,4881.17350,0.29159,143.00000,0.37991,0.10437,5821.25392,200806.62024,P2 · AÇÃO PLANEJADA
899,2,C02 · Promo-Dependent,d,a,5268.31540,5727.01300,6808.07980,4881.17350,0.29227,144.00000,0.37555,0.10493,5821.10393,201767.81344,P2 · AÇÃO PLANEJADA
1098,2,C02 · Promo-Dependent,a,a,5259.49740,5727.01300,6808.07980,4881.17350,0.29444,145.00000,0.37118,0.10493,5811.36068,201430.09855,P2 · AÇÃO PLANEJADA
367,2,C02 · Promo-Dependent,d,c,5254.23850,5727.01300,6808.07980,4881.17350,0.29573,146.00000,0.36681,0.10493,5805.54998,201228.69133,P2 · AÇÃO PLANEJADA
1111,2,C02 · Promo-Dependent,a,a,5251.70220,5727.01300,6808.07980,4881.17350,0.29636,147.00000,0.36245,0.10493,5802.74756,201131.55521,P2 · AÇÃO PLANEJADA
752,2,C02 · Promo-Dependent,a,a,5251.65980,5727.01300,6808.07980,4881.17350,0.29637,148.00000,0.35808,0.10493,5802.70071,201129.93136,P2 · AÇÃO PLANEJADA
567,2,C02 · Promo-Dependent,c,a,5241.50450,5727.01300,6808.07980,4881.17350,0.29888,149.00000,0.35371,0.10493,5791.47984,200741.00008,P2 · AÇÃO PLANEJADA
828,2,C02 · Promo-Dependent,d,c,5199.94620,5727.01300,6808.07980,4881.17350,0.30926,150.00000,0.34934,0.10493,5745.56095,199149.38555,P2 · AÇÃO PLANEJADA
749,2,C02 · Promo-Dependent,a,a,5189.86010,5727.01300,6808.07980,4881.17350,0.31180,151.00000,0.34498,0.10493,5734.41655,198763.10451,P2 · AÇÃO PLANEJADA
918,2,C02 · Promo-Dependent,a,c,5187.27180,5727.01300,6808.07980,4881.17350,0.31246,152.00000,0.34061,0.10493,5731.55667,198663.97688,P2 · AÇÃO PLANEJADA
96,2,C02 · Promo-Dependent,a,a,5176.88850,5727.01300,6808.07980,4881.17350,0.31509,153.00000,0.33624,0.10493,5720.08388,198266.31357,P2 · AÇÃO PLANEJADA
438,2,C02 · Promo-Dependent,d,c,5153.72310,5727.01300,6808.07980,4881.17350,0.32100,154.00000,0.33188,0.10493,5694.48780,197379.11686,P2 · AÇÃO PLANEJADA
452,2,C02 · Promo-Dependent,a,c,5149.84180,5727.01300,6808.07980,4881.17350,0.32200,155.00000,0.32751,0.10493,5690.19925,197230.46945,P2 · AÇÃO PLANEJADA
839,2,C02 · Promo-Dependent,c,a,5127.15820,5727.01300,6808.07980,4881.17350,0.32785,156.00000,0.32314,0.10493,5665.13553,196361.72488,P2 · AÇÃO PLANEJADA
65,2,C02 · Promo-Dependent,a,c,5112.89490,5727.01300,6808.07980,4881.17350,0.33155,157.00000,0.31878,0.10493,5649.37562,195815.46396,P2 · AÇÃO PLANEJADA
1088,2,C02 · Promo-Dependent,a,a,5084.70350,5727.01300,6808.07980,4881.17350,0.33893,158.00000,0.31441,0.10493,5618.22618,194735.77971,P2 · AÇÃO PLANEJADA
426,2,C02 · Promo-Dependent,a,a,5068.39670,5727.01300,6808.07980,4881.17350,0.34324,159.00000,0.31004,0.10493,5600.20836,194111.25610,P2 · AÇÃO PLANEJADA
13,2,C02 · Promo-Dependent,d,a,5034.74720,5727.01300,6808.07980,4881.17350,0.35222,160.00000,0.30568,0.10493,5563.02812,192822.53560,P2 · AÇÃO PLANEJADA
322,2,C02 · Promo-Dependent,a,a,5021.17260,5727.01300,6808.07980,4881.17350,0.35587,161.00000,0.30131,0.10493,5548.02918,192302.65075,P2 · AÇÃO PLANEJADA
222,2,C02 · Promo-Dependent,a,a,4982.45660,5727.01300,6808.07980,4881.17350,0.36641,162.00000,0.29694,0.10493,5505.25082,190819.89164,P2 · AÇÃO PLANEJADA
265,2,C02 · Promo-Dependent,a,a,4954.82930,5727.01300,6808.07980,4881.17350,0.37403,163.00000,0.29258,0.10493,5474.72467,189761.81150,P2 · AÇÃO PLANEJADA
2,2,C02 · Promo-Dependent,a,a,4953.90050,5727.01300,6808.07980,4881.17350,0.37429,164.00000,0.28821,0.10493,5473.69842,189726.23998,P2 · AÇÃO PLANEJADA
483,2,C02 · Promo-Dependent,a,c,4948.42440,5727.01300,6808.07980,4881.17350,0.37581,165.00000,0.28384,0.10493,5467.64773,189516.51436,P2 · AÇÃO PLANEJADA
664,2,C02 · Promo-Dependent,d,c,4946.35640,5727.01300,6808.07980,4881.17350,0.37638,166.00000,0.27948,0.10493,5465.36274,189437.31336,P2 · AÇÃO PLANEJADA
480,2,C02 · Promo-Dependent,a,a,4935.89030,5727.01300,6808.07980,4881.17350,0.37930,167.00000,0.27511,0.10493,5453.79846,189036.47895,P2 · AÇÃO PLANEJADA
446,2,C02 · Promo-Dependent,a,a,4932.16560,5727.01300,6808.07980,4881.17350,0.38034,168.00000,0.27074,0.10493,5449.68294,188893.82907,P2 · AÇÃO PLANEJADA
286,2,C02 · Promo-Dependent,a,a,4927.82030,5727.01300,6808.07980,4881.17350,0.38156,169.00000,0.26638,0.10493,5444.88170,188727.41123,P2 · AÇÃO PLANEJADA
781,2,C02 · Promo-Dependent,a,a,4922.44230,5727.01300,6808.07980,4881.17350,0.38307,170.00000,0.26201,0.10493,5438.93940,188521.44267,P2 · AÇÃO PLANEJADA
1047,2,C02 · Promo-Dependent,a,a,4885.46910,5727.01300,6808.07980,4881.17350,0.39354,171.00000,0.25764,0.10493,5398.08672,187105.42993,P2 · AÇÃO PLANEJADA
268,2,C02 · Promo-Dependent,a,a,4881.17350,5727.01300,6808.07980,4881.17350,0.39476,172.00000,0.25328,0.10493,5393.34039,186940.91552,P2 · AÇÃO PLANEJADA
1035,2,C02 · Promo-Dependent,a,a,4876.65900,5727.01300,6808.07980,4881.17350,0.39605,173.00000,0.24891,0.10493,5388.35220,186768.01760,P1 · AÇÃO URGENTE
39,2,C02 · Promo-Dependent,a,a,4852.57120,5727.01300,6808.07980,4881.17350,0.40298,174.00000,0.24454,0.10493,5361.73694,185845.49448,P1 · AÇÃO URGENTE
1031,2,C02 · Promo-Dependent,d,a,4843.85620,5727.01300,6808.07980,4881.17350,0.40551,175.00000,0.24017,0.10493,5352.10750,185511.72432,P1 · AÇÃO URGENTE
462,2,C02 · Promo-Dependent,a,a,4832.58850,5727.01300,6808.07980,4881.17350,0.40879,176.00000,0.23581,0.10493,5339.65751,185080.18994,P1 · AÇÃO URGENTE
793,2,C02 · Promo-Dependent,d,a,4832.12200,5727.01300,6808.07980,4881.17350,0.40892,177.00000,0.23144,0.10493,5339.14207,185062.32376,P1 · AÇÃO URGENTE
404,2,C02 · Promo-Dependent,a,c,4785.22400,5727.01300,6808.07980,4881.17350,0.42273,178.00000,0.22707,0.10493,5287.32320,183266.20751,P1 · AÇÃO URGENTE
977,2,C02 · Promo-Dependent,a,a,4774.14290,5727.01300,6808.07980,4881.17350,0.42603,179.00000,0.22271,0.10493,5275.07939,182841.81960,P1 · AÇÃO URGENTE
924,2,C02 · Promo-Dependent,a,a,4752.88320,5727.01300,6808.07980,4881.17350,0.43241,180.00000,0.21834,0.10493,5251.58898,182027.60807,P1 · AÇÃO URGENTE
639,2,C02 · Promo-Dependent,a,a,4734.69700,5727.01300,6808.07980,4881.17350,0.43791,181.00000,0.21397,0.10493,5231.49455,181331.10652,P1 · AÇÃO URGENTE
1028,2,C02 · Promo-Dependent,a,a,4732.63540,5727.01300,6808.07980,4881.17350,0.43854,182.00000,0.20961,0.10493,5229.21663,181252.15063,P1 · AÇÃO URGENTE
86,2,C02 · Promo-Dependent,a,a,4695.02190,5727.01300,6808.07980,4881.17350,0.45006,183.00000,0.20524,0.10493,5187.65646,179811.61546,P1 · AÇÃO URGENTE
5,2,C02 · Promo-Dependent,a,a,4676.27470,5727.01300,6808.07980,4881.17350,0.45588,184.00000,0.20087,0.10493,5166.94218,179093.62854,P1 · AÇÃO URGENTE
660,2,C02 · Promo-Dependent,a,a,4616.59970,5727.01300,6808.07980,4881.17350,0.47470,185.00000,0.19651,0.10493,5101.00566,176808.17420,P1 · AÇÃO URGENTE
852,2,C02 · Promo-Dependent,c,a,4606.51340,5727.01300,6808.07980,4881.17350,0.47792,186.00000,0.19214,0.10493,5089.86103,176421.88551,P1 · AÇÃO URGENTE
73,2,C02 · Promo-Dependent,a,c,4576.97830,5727.01300,6808.07980,4881.17350,0.48746,187.00000,0.18777,0.10493,5057.22690,175290.73976,P1 · AÇÃO URGENTE
795,2,C02 · Promo-Dependent,d,a,4553.67390,5727.01300,6808.07980,4881.17350,0.49507,188.00000,0.18341,0.10493,5031.47724,174398.21958,P1 · AÇÃO URGENTE
994,2,C02 · Promo-Dependent,a,a,4539.51600,5727.01300,6808.07980,4881.17350,0.49974,189.00000,0.17904,0.10493,5015.83380,173855.99530,P1 · AÇÃO URGENTE
570,2,C02 · Promo-Dependent,a,a,4535.40440,5727.01300,6808.07980,4881.17350,0.50110,190.00000,0.17467,0.10493,5011.29078,173698.52778,P1 · AÇÃO URGENTE
1110,2,C02 · Promo-Dependent,c,c,4531.91060,5727.01300,6808.07980,4881.17350,0.50225,191.00000,0.17031,0.10493,5007.43038,173564.72099,P1 · AÇÃO URGENTE
727,2,C02 · Promo-Dependent,a,a,4529.29070,5727.01300,6808.07980,4881.17350,0.50312,192.00000,0.16594,0.10493,5004.53559,173464.38313,P1 · AÇÃO URGENTE
405,2,C02 · Promo-Dependent,a,a,4520.69960,5727.01300,6808.07980,4881.17350,0.50598,193.00000,0.16157,0.10493,4995.04305,173135.35813,P1 · AÇÃO URGENTE
1077,2,C02 · Promo-Dependent,a,a,4489.76770,5727.01300,6808.07980,4881.17350,0.51635,194.00000,0.15721,0.10493,4960.86556,171950.71724,P1 · AÇÃO URGENTE
121,2,C02 · Promo-Dependent,a,a,4453.17180,5727.01300,6808.07980,4881.17350,0.52882,195.00000,0.15284,0.10493,4920.42976,170549.15447,P1 · AÇÃO URGENTE
72,2,C02 · Promo-Dependent,a,a,4420.02570,5727.01300,6808.07980,4881.17350,0.54028,196.00000,0.14847,0.10493,4883.80574,169279.71337,P1 · AÇÃO URGENTE
266,2,C02 · Promo-Dependent,a,c,4389.75770,5727.01300,6808.07980,4881.17350,0.55090,197.00000,0.14410,0.10493,4850.36181,168120.49876,P1 · AÇÃO URGENTE
583,2,C02 · Promo-Dependent,a,a,4311.90770,5727.01300,6808.07980,4881.17350,0.57890,198.00000,0.13974,0.10493,4764.34324,165138.97182,P1 · AÇÃO URGENTE
619,2,C02 · Promo-Dependent,a,a,4303.60290,5727.01300,6808.07980,4881.17350,0.58195,199.00000,0.13537,0.10493,4755.16704,164820.91164,P1 · AÇÃO URGENTE
675,2,C02 · Promo-Dependent,a,a,4278.18950,5727.01300,6808.07980,4881.17350,0.59135,200.00000,0.13100,0.10493,4727.08709,163847.62023,P1 · AÇÃO URGENTE
486,2,C02 · Promo-Dependent,a,a,4266.74330,5727.01300,6808.07980,4881.17350,0.59562,201.00000,0.12664,0.10493,4714.43987,163409.24960,P1 · AÇÃO URGENTE
908,2,C02 · Promo-Dependent,a,a,4234.82710,5727.01300,6808.07980,4881.17350,0.60764,202.00000,0.12227,0.10493,4679.17480,162186.91164,P1 · AÇÃO URGENTE
881,2,C02 · Promo-Dependent,a,a,4203.01670,5727.01300,6808.07980,4881.17350,0.61981,203.00000,0.11790,0.10493,4644.02663,160968.62565,P1 · AÇÃO URGENTE
610,2,C02 · Promo-Dependent,a,a,4197.63030,5727.01300,6808.07980,4881.17350,0.62189,204.00000,0.11354,0.10493,4638.07505,160762.33539,P1 · AÇÃO URGENTE
844,2,C02 · Promo-Dependent,a,a,4178.71250,5727.01300,6808.07980,4881.17350,0.62923,205.00000,0.10917,0.10493,4617.17227,160037.81477,P1 · AÇÃO URGENTE
889,2,C02 · Promo-Dependent,d,a,4144.43720,5727.01300,6808.07980,4881.17350,0.64270,206.00000,0.10480,0.10493,4579.30056,158725.12716,P1 · AÇÃO URGENTE
242,2,C02 · Promo-Dependent,d,a,4093.09480,5727.01300,6808.07980,4881.17350,0.66331,207.00000,0.10044,0.10493,4522.57096,156758.79770,P1 · AÇÃO URGENTE
276,2,C02 · Promo-Dependent,a,a,4091.19490,5727.01300,6808.07980,4881.17350,0.66408,208.00000,0.09607,0.10493,4520.47171,156686.03465,P1 · AÇÃO URGENTE
32,2,C02 · Promo-Dependent,a,a,4067.82130,5727.01300,6808.07980,4881.17350,0.67364,209.00000,0.09170,0.10493,4494.64559,155790.86422,P1 · AÇÃO URGENTE
177,2,C02 · Promo-Dependent,a,a,3994.09620,5727.01300,6808.07980,4881.17350,0.70454,210.00000,0.08734,0.10493,4413.18473,152967.31417,P1 · AÇÃO URGENTE
1013,2,C02 · Promo-Dependent,a,a,3993.56100,5727.01300,6808.07980,4881.17350,0.70476,211.00000,0.08297,0.10493,4412.59338,152946.81689,P1 · AÇÃO URGENTE
607,2,C02 · Promo-Dependent,a,a,3901.91050,5727.01300,6808.07980,4881.17350,0.74481,212.00000,0.07860,0.10493,4311.32626,149436.75351,P1 · AÇÃO URGENTE
956,2,C02 · Promo-Dependent,a,a,3855.91240,5727.01300,6808.07980,4881.17350,0.76562,213.00000,0.07424,0.10493,4260.50172,147675.10194,P1 · AÇÃO URGENTE
743,2,C02 · Promo-Dependent,a,a,3816.58970,5727.01300,6808.07980,4881.17350,0.78381,214.00000,0.06987,0.10493,4217.05301,146169.10722,P1 · AÇÃO URGENTE
460,2,C02 · Promo-Dependent,a,a,3736.00900,5727.01300,6808.07980,4881.17350,0.82229,215.00000,0.06550,0.10493,4128.01722,143082.99897,P1 · AÇÃO URGENTE
332,2,C02 · Promo-Dependent,a,a,3728.56670,5727.01300,6808.07980,4881.17350,0.82592,216.00000,0.06114,0.10493,4119.79402,142797.97112,P1 · AÇÃO URGENTE
78,2,C02 · Promo-Dependent,a,a,3717.47310,5727.01300,6808.07980,4881.17350,0.83137,217.00000,0.05677,0.10493,4107.53640,142373.10449,P1 · AÇÃO URGENTE
649,2,C02 · Promo-Dependent,a,a,3683.79230,5727.01300,6808.07980,4881.17350,0.84812,218.00000,0.05240,0.10493,4070.32157,141083.18525,P1 · AÇÃO URGENTE
688,2,C02 · Promo-Dependent,a,a,3615.83330,5727.01300,6808.07980,4881.17350,0.88285,219.00000,0.04803,0.10493,3995.23184,138480.46734,P1 · AÇÃO URGENTE
1030,2,C02 · Promo-Dependent,a,a,3610.67050,5727.01300,6808.07980,4881.17350,0.88554,220.00000,0.04367,0.10493,3989.52732,138282.74060,P1 · AÇÃO URGENTE
786,2,C02 · Promo-Dependent,a,a,3563.67440,5727.01300,6808.07980,4881.17350,0.91041,221.00000,0.03930,0.10493,3937.60006,136482.86728,P1 · AÇÃO URGENTE
473,2,C02 · Promo-Dependent,a,a,3552.30170,5727.01300,6808.07980,4881.17350,0.91653,222.00000,0.03493,0.10493,3925.03406,136047.31157,P1 · AÇÃO URGENTE
972,2,C02 · Promo-Dependent,a,a,3422.54560,5727.01300,6808.07980,4881.17350,0.98919,223.00000,0.03057,0.10493,3781.66304,131077.86639,P1 · AÇÃO URGENTE
970,2,C02 · Promo-Dependent,a,a,3295.74260,5727.01300,6808.07980,4881.17350,1.06572,224.00000,0.02620,0.10493,3641.55498,126221.52008,P1 · AÇÃO URGENTE
703,2,C02 · Promo-Dependent,a,a,3290.53400,5727.01300,6808.07980,4881.17350,1.06899,225.00000,0.02183,0.10493,3635.79986,126022.03927,P1 · AÇÃO URGENTE
841,2,C02 · Promo-Dependent,a,a,2972.60900,5727.01300,6808.07980,4881.17350,1.29027,226.00000,0.01747,0.10493,3284.51594,113846.03476,P1 · AÇÃO URGENTE
198,2,C02 · Promo-Dependent,a,a,2900.60490,5727.01300,6808.07980,4881.17350,1.34712,227.00000,0.01310,0.10493,3204.95667,111088.39617,P1 · AÇÃO URGENTE
543,2,C02 · Promo-Dependent,c,a,2790.38030,5727.01300,6808.07980,4881.17350,1.43984,228.00000,0.00873,0.10493,3083.16653,106866.97531,P1 · AÇÃO URGENTE
307,2,C02 · Promo-Dependent,a,a,2703.73660,5727.01300,6808.07980,4881.17350,1.51803,229.00000,0.00437,0.10493,2987.43157,103548.66413,P1 · AÇÃO URGENTE
57,3,C03 · Sazonal Raro / Temporada,d,c,10605.50460,5458.67530,6834.31250,4441.36740,-0.35559,1.00000,1.00000,0.01225,10735.39021,47408.24942,P4 · MANUTENÇÃO / REFERÊNCIA
192,3,C03 · Sazonal Raro / Temporada,d,c,9016.83440,5458.67530,6834.31250,4441.36740,-0.24205,2.00000,0.97959,0.01225,9127.26357,40306.64738,P4 · MANUTENÇÃO / REFERÊNCIA
348,3,C03 · Sazonal Raro / Temporada,a,a,8802.97490,5458.67530,6834.31250,4441.36740,-0.22364,3.00000,0.95918,0.01225,8910.78493,39350.66226,P4 · MANUTENÇÃO / REFERÊNCIA
815,3,C03 · Sazonal Raro / Temporada,a,a,8395.83760,5458.67530,6834.31250,4441.36740,-0.18599,4.00000,0.93878,0.01225,8498.66142,37530.69543,P4 · MANUTENÇÃO / REFERÊNCIA
674,3,C03 · Sazonal Raro / Temporada,a,a,8204.34770,5458.67530,6834.31250,4441.36740,-0.16699,5.00000,0.91837,0.01225,8304.82635,36674.70589,P4 · MANUTENÇÃO / REFERÊNCIA
754,3,C03 · Sazonal Raro / Temporada,c,c,8086.95780,5458.67530,6834.31250,4441.36740,-0.15490,6.00000,0.89796,0.01225,8185.99877,36149.95484,P4 · MANUTENÇÃO / REFERÊNCIA
453,3,C03 · Sazonal Raro / Temporada,a,c,7775.44640,5458.67530,6834.31250,4441.36740,-0.12104,7.00000,0.87755,0.01225,7870.67229,34757.45060,P4 · MANUTENÇÃO / REFERÊNCIA
676,3,C03 · Sazonal Raro / Temporada,b,b,7687.46410,5458.67530,6834.31250,4441.36740,-0.11098,8.00000,0.85714,0.01225,7781.61247,34364.15608,P4 · MANUTENÇÃO / REFERÊNCIA
1086,3,C03 · Sazonal Raro / Temporada,a,a,7677.40970,5458.67530,6834.31250,4441.36740,-0.10982,9.00000,0.83673,0.01225,7771.43494,34319.21136,P4 · MANUTENÇÃO / REFERÊNCIA
1045,3,C03 · Sazonal Raro / Temporada,a,c,7535.88670,5458.67530,6834.31250,4441.36740,-0.09310,10.00000,0.81633,0.01225,7628.17870,33686.58161,P4 · MANUTENÇÃO / REFERÊNCIA
437,3,C03 · Sazonal Raro / Temporada,c,c,7366.71790,5458.67530,6834.31250,4441.36740,-0.07227,11.00000,0.79592,0.01225,7456.93809,32930.37085,P4 · MANUTENÇÃO / REFERÊNCIA
264,3,C03 · Sazonal Raro / Temporada,a,a,7234.24020,5458.67530,6834.31250,4441.36740,-0.05528,12.00000,0.77551,0.01225,7322.83794,32338.17500,P4 · MANUTENÇÃO / REFERÊNCIA
824,3,C03 · Sazonal Raro / Temporada,a,a,6834.31250,5458.67530,6834.31250,4441.36740,0.00000,13.00000,0.75510,0.01225,6918.01233,30550.43619,P4 · MANUTENÇÃO / REFERÊNCIA
468,3,C03 · Sazonal Raro / Temporada,c,c,6669.66070,5458.67530,6834.31250,4441.36740,0.02469,14.00000,0.73469,0.01225,6751.34403,29814.41713,P3 · ACOMPANHAMENTO
785,3,C03 · Sazonal Raro / Temporada,d,c,6511.51860,5458.67530,6834.31250,4441.36740,0.04957,15.00000,0.71429,0.01272,6594.32558,30224.54844,P3 · ACOMPANHAMENTO
126,3,C03 · Sazonal Raro / Temporada,d,a,6507.75350,5458.67530,6834.31250,4441.36740,0.05018,16.00000,0.69388,0.01338,6594.80121,31772.41445,P3 · ACOMPANHAMENTO
122,3,C03 · Sazonal Raro / Temporada,a,c,6462.01470,5458.67530,6834.31250,4441.36740,0.05761,17.00000,0.67347,0.01527,6560.71551,36025.79657,P3 · ACOMPANHAMENTO
378,3,C03 · Sazonal Raro / Temporada,a,c,6324.80100,5458.67530,6834.31250,4441.36740,0.08056,18.00000,0.65306,0.02030,6453.18814,46861.30446,P3 · ACOMPANHAMENTO
299,3,C03 · Sazonal Raro / Temporada,d,c,6235.30610,5458.67530,6834.31250,4441.36740,0.09607,19.00000,0.63265,0.02434,6387.04851,55385.97938,P3 · ACOMPANHAMENTO
986,3,C03 · Sazonal Raro / Temporada,a,a,6228.32040,5458.67530,6834.31250,4441.36740,0.09730,20.00000,0.61224,0.02568,6388.24498,58372.47276,P3 · ACOMPANHAMENTO
406,3,C03 · Sazonal Raro / Temporada,d,c,6111.05910,5458.67530,6834.31250,4441.36740,0.11835,21.00000,0.59184,0.03150,6303.53302,70252.97986,P3 · ACOMPANHAMENTO
732,3,C03 · Sazonal Raro / Temporada,a,c,5816.43940,5458.67530,6834.31250,4441.36740,0.17500,22.00000,0.57143,0.04618,6085.02512,98033.78859,P3 · ACOMPANHAMENTO
540,3,C03 · Sazonal Raro / Temporada,d,c,5648.99040,5458.67530,6834.31250,4441.36740,0.20983,23.00000,0.55102,0.05674,5969.52541,116995.27985,P3 · ACOMPANHAMENTO
91,3,C03 · Sazonal Raro / Temporada,c,a,5559.00260,5458.67530,6834.31250,4441.36740,0.22941,24.00000,0.53061,0.06415,5915.62929,130168.74324,P3 · ACOMPANHAMENTO
885,3,C03 · Sazonal Raro / Temporada,a,a,5458.67530,5458.67530,6834.31250,4441.36740,0.25201,25.00000,0.51020,0.07282,5856.14874,145077.80632,P3 · ACOMPANHAMENTO
305,3,C03 · Sazonal Raro / Temporada,c,c,5347.34190,5458.67530,6834.31250,4441.36740,0.27808,26.00000,0.48980,0.08296,5790.95204,161917.69989,P2 · AÇÃO PLANEJADA
481,3,C03 · Sazonal Raro / Temporada,c,c,5155.37900,5458.67530,6834.31250,4441.36740,0.32567,27.00000,0.46939,0.09997,5670.75193,188111.11867,P2 · AÇÃO PLANEJADA
339,3,C03 · Sazonal Raro / Temporada,a,c,5147.25600,5458.67530,6834.31250,4441.36740,0.32776,28.00000,0.44898,0.10426,5683.89862,195874.55486,P2 · AÇÃO PLANEJADA
183,3,C03 · Sazonal Raro / Temporada,a,a,4821.33550,5458.67530,6834.31250,4441.36740,0.41751,29.00000,0.42857,0.10493,5327.22377,184649.21855,P2 · AÇÃO PLANEJADA
663,3,C03 · Sazonal Raro / Temporada,a,c,4792.55690,5458.67530,6834.31250,4441.36740,0.42603,30.00000,0.40816,0.10493,5295.42552,183547.04551,P2 · AÇÃO PLANEJADA
589,3,C03 · Sazonal Raro / Temporada,a,c,4678.80290,5458.67530,6834.31250,4441.36740,0.46070,31.00000,0.38776,0.10493,5169.73565,179190.45444,P2 · AÇÃO PLANEJADA
530,3,C03 · Sazonal Raro / Temporada,a,c,4634.32340,5458.67530,6834.31250,4441.36740,0.47472,32.00000,0.36735,0.10493,5120.58905,177486.96276,P2 · AÇÃO PLANEJADA
55,3,C03 · Sazonal Raro / Temporada,a,a,4598.98970,5458.67530,6834.31250,4441.36740,0.48605,33.00000,0.34694,0.10493,5081.54789,176133.74017,P2 · AÇÃO PLANEJADA
708,3,C03 · Sazonal Raro / Temporada,c,c,4578.64480,5458.67530,6834.31250,4441.36740,0.49265,34.00000,0.32653,0.10493,5059.06826,175354.56397,P2 · AÇÃO PLANEJADA
364,3,C03 · Sazonal Raro / Temporada,a,c,4564.95580,5458.67530,6834.31250,4441.36740,0.49713,35.00000,0.30612,0.10493,5043.94292,174830.29779,P2 · AÇÃO PLANEJADA
1105,3,C03 · Sazonal Raro / Temporada,c,c,4564.57250,5458.67530,6834.31250,4441.36740,0.49725,36.00000,0.28571,0.10493,5043.51940,174815.61803,P2 · AÇÃO PLANEJADA
105,3,C03 · Sazonal Raro / Temporada,a,c,4441.36740,5458.67530,6834.31250,4441.36740,0.53879,37.00000,0.26531,0.10493,4907.38676,170097.06537,P2 · AÇÃO PLANEJADA
700,3,C03 · Sazonal Raro / Temporada,a,c,4362.24470,5458.67530,6834.31250,4441.36740,0.56670,38.00000,0.24490,0.10493,4819.96195,167066.79612,P1 · AÇÃO URGENTE
797,3,C03 · Sazonal Raro / Temporada,a,a,4208.23150,5458.67530,6834.31250,4441.36740,0.62403,39.00000,0.22449,0.10493,4649.78861,161168.34391,P1 · AÇÃO URGENTE
274,3,C03 · Sazonal Raro / Temporada,b,b,4070.82830,5458.67530,6834.31250,4441.36740,0.67885,40.00000,0.20408,0.10493,4497.96810,155906.02738,P1 · AÇÃO URGENTE
762,3,C03 · Sazonal Raro / Temporada,d,c,3891.99080,5458.67530,6834.31250,4441.36740,0.75599,41.00000,0.18367,0.10493,4300.36572,149056.84532,P1 · AÇÃO URGENTE
1056,3,C03 · Sazonal Raro / Temporada,d,c,3877.29860,5458.67530,6834.31250,4441.36740,0.76265,42.00000,0.16327,0.10493,4284.13191,148494.15822,P1 · AÇÃO URGENTE
931,3,C03 · Sazonal Raro / Temporada,a,c,3588.83890,5458.67530,6834.31250,4441.36740,0.90432,43.00000,0.14286,0.10493,3965.40500,137446.62623,P1 · AÇÃO URGENTE
681,3,C03 · Sazonal Raro / Temporada,a,c,3566.15670,5458.67530,6834.31250,4441.36740,0.91644,44.00000,0.12245,0.10493,3940.34282,136577.93528,P1 · AÇÃO URGENTE
764,3,C03 · Sazonal Raro / Temporada,a,c,3538.98830,5458.67530,6834.31250,4441.36740,0.93115,45.00000,0.10204,0.10493,3910.32373,135537.43025,P1 · AÇÃO URGENTE
969,3,C03 · Sazonal Raro / Temporada,a,c,3503.46620,5458.67530,6834.31250,4441.36740,0.95073,46.00000,0.08163,0.10493,3871.07440,134176.99226,P1 · AÇÃO URGENTE
861,3,C03 · Sazonal Raro / Temporada,c,c,3500.34950,5458.67530,6834.31250,4441.36740,0.95247,47.00000,0.06122,0.10493,3867.63067,134057.62778,P1 · AÇÃO URGENTE
897,3,C03 · Sazonal Raro / Temporada,c,c,3492.94470,5458.67530,6834.31250,4441.36740,0.95660,48.00000,0.04082,0.10493,3859.44891,133774.03612,P1 · AÇÃO URGENTE
837,3,C03 · Sazonal Raro / Temporada,a,c,3473.72170,5458.67530,6834.31250,4441.36740,0.96743,49.00000,0.02041,0.10493,3838.20890,133037.82684,P1 · AÇÃO URGENTE
788,4,C04 · Standard / Classe Média,a,c,17961.91450,6846.66840,8031.48600,5428.38510,-0.55286,1.00000,1.00000,0.01225,18181.89407,80292.54191,P4 · MANUTENÇÃO / REFERÊNCIA
380,4,C04 · Standard / Classe Média,a,a,14456.58020,6846.66840,8031.48600,5428.38510,-0.44444,2.00000,0.99720,0.01225,14633.62994,64623.15426,P4 · MANUTENÇÃO / REFERÊNCIA
1033,4,C04 · Standard / Classe Média,a,a,13865.14030,6846.66840,8031.48600,5428.38510,-0.42074,3.00000,0.99440,0.01225,14034.94667,61979.32624,P4 · MANUTENÇÃO / REFERÊNCIA
467,4,C04 · Standard / Classe Média,a,c,13480.14760,6846.66840,8031.48600,5428.38510,-0.40420,4.00000,0.99160,0.01225,13645.23897,60258.34919,P4 · MANUTENÇÃO / REFERÊNCIA
768,4,C04 · Standard / Classe Média,a,c,12991.83800,6846.66840,8031.48600,5428.38510,-0.38181,5.00000,0.98880,0.01225,13150.94904,58075.52959,P4 · MANUTENÇÃO / REFERÊNCIA
84,4,C04 · Standard / Classe Média,a,c,12955.99740,6846.66840,8031.48600,5428.38510,-0.38010,6.00000,0.98599,0.01225,13114.66950,57915.31656,P4 · MANUTENÇÃO / REFERÊNCIA
820,4,C04 · Standard / Classe Média,a,c,12085.85050,6846.66840,8031.48600,5428.38510,-0.33546,7.00000,0.98319,0.01225,12233.86591,54025.62504,P4 · MANUTENÇÃO / REFERÊNCIA
390,4,C04 · Standard / Classe Média,a,c,11568.65640,6846.66840,8031.48600,5428.38510,-0.30575,8.00000,0.98039,0.01225,11710.33773,51713.68725,P4 · MANUTENÇÃO / REFERÊNCIA
1075,4,C04 · Standard / Classe Média,a,c,11485.38900,6846.66840,8031.48600,5428.38510,-0.30072,9.00000,0.97759,0.01225,11626.05056,51341.46907,P4 · MANUTENÇÃO / REFERÊNCIA
539,4,C04 · Standard / Classe Média,a,a,11310.96300,6846.66840,8031.48600,5428.38510,-0.28994,10.00000,0.97479,0.01225,11449.48836,50561.75781,P4 · MANUTENÇÃO / REFERÊNCIA
207,4,C04 · Standard / Classe Média,a,a,11184.20660,6846.66840,8031.48600,5428.38510,-0.28189,11.00000,0.97199,0.01225,11321.17958,49995.13705,P4 · MANUTENÇÃO / REFERÊNCIA
1066,4,C04 · Standard / Classe Média,a,a,11073.91910,6846.66840,8031.48600,5428.38510,-0.27474,12.00000,0.96919,0.01225,11209.54139,49502.13483,P4 · MANUTENÇÃO / REFERÊNCIA
416,4,C04 · Standard / Classe Média,a,c,11012.00640,6846.66840,8031.48600,5428.38510,-0.27066,13.00000,0.96639,0.01225,11146.87044,49225.37547,P4 · MANUTENÇÃO / REFERÊNCIA
527,4,C04 · Standard / Classe Média,d,c,10734.69400,6846.66840,8031.48600,5428.38510,-0.25182,14.00000,0.96359,0.01225,10866.16180,47985.74606,P4 · MANUTENÇÃO / REFERÊNCIA
909,4,C04 · Standard / Classe Média,a,c,10728.98350,6846.66840,8031.48600,5428.38510,-0.25142,15.00000,0.96078,0.01225,10860.38136,47960.21924,P4 · MANUTENÇÃO / REFERÊNCIA
528,4,C04 · Standard / Classe Média,a,c,10704.44420,6846.66840,8031.48600,5428.38510,-0.24971,16.00000,0.95798,0.01225,10835.54153,47850.52476,P4 · MANUTENÇÃO / REFERÊNCIA
697,4,C04 · Standard / Classe Média,d,a,10656.17330,6846.66840,8031.48600,5428.38510,-0.24631,17.00000,0.95518,0.01225,10786.67945,47634.74636,P4 · MANUTENÇÃO / REFERÊNCIA
545,4,C04 · Standard / Classe Média,a,c,10635.25670,6846.66840,8031.48600,5428.38510,-0.24482,18.00000,0.95238,0.01225,10765.50669,47541.24591,P4 · MANUTENÇÃO / REFERÊNCIA
729,4,C04 · Standard / Classe Média,c,c,10548.91400,6846.66840,8031.48600,5428.38510,-0.23864,19.00000,0.94958,0.01225,10678.10655,47155.28066,P4 · MANUTENÇÃO / REFERÊNCIA
704,4,C04 · Standard / Classe Média,d,c,10393.86590,6846.66840,8031.48600,5428.38510,-0.22729,20.00000,0.94678,0.01225,10521.15958,46462.19162,P4 · MANUTENÇÃO / REFERÊNCIA
389,4,C04 · Standard / Classe Média,a,c,10337.40180,6846.66840,8031.48600,5428.38510,-0.22307,21.00000,0.94398,0.01225,10464.00396,46209.78834,P4 · MANUTENÇÃO / REFERÊNCIA
358,4,C04 · Standard / Classe Média,a,a,10306.11170,6846.66840,8031.48600,5428.38510,-0.22071,22.00000,0.94118,0.01225,10432.33065,46069.91675,P4 · MANUTENÇÃO / REFERÊNCIA
388,4,C04 · Standard / Classe Média,a,a,10257.92040,6846.66840,8031.48600,5428.38510,-0.21705,23.00000,0.93838,0.01225,10383.54915,45854.49417,P4 · MANUTENÇÃO / REFERÊNCIA
525,4,C04 · Standard / Classe Média,d,c,10233.02680,6846.66840,8031.48600,5428.38510,-0.21514,24.00000,0.93557,0.01225,10358.35068,45743.21592,P4 · MANUTENÇÃO / REFERÊNCIA
787,4,C04 · Standard / Classe Média,c,c,10227.14740,6846.66840,8031.48600,5428.38510,-0.21469,25.00000,0.93277,0.01225,10352.39927,45716.93409,P4 · MANUTENÇÃO / REFERÊNCIA
1080,4,C04 · Standard / Classe Média,a,a,10190.76530,6846.66840,8031.48600,5428.38510,-0.21189,26.00000,0.92997,0.01225,10315.57160,45554.30046,P4 · MANUTENÇÃO / REFERÊNCIA
1089,4,C04 · Standard / Classe Média,d,a,10160.76120,6846.66840,8031.48600,5428.38510,-0.20956,27.00000,0.92717,0.01225,10285.20004,45420.17748,P4 · MANUTENÇÃO / REFERÊNCIA
1101,4,C04 · Standard / Classe Média,d,c,9972.26660,6846.66840,8031.48600,5428.38510,-0.19462,28.00000,0.92437,0.01225,10094.39695,44577.57740,P4 · MANUTENÇÃO / REFERÊNCIA
679,4,C04 · Standard / Classe Média,a,a,9943.92470,6846.66840,8031.48600,5428.38510,-0.19232,29.00000,0.92157,0.01225,10065.70795,44450.88472,P4 · MANUTENÇÃO / REFERÊNCIA
799,4,C04 · Standard / Classe Média,a,c,9894.98720,6846.66840,8031.48600,5428.38510,-0.18833,30.00000,0.91877,0.01225,10016.17111,44232.12651,P4 · MANUTENÇÃO / REFERÊNCIA
911,4,C04 · Standard / Classe Média,a,c,9884.90820,6846.66840,8031.48600,5428.38510,-0.18750,31.00000,0.91597,0.01225,10005.96867,44187.07181,P4 · MANUTENÇÃO / REFERÊNCIA
316,4,C04 · Standard / Classe Média,d,a,9855.62520,6846.66840,8031.48600,5428.38510,-0.18509,32.00000,0.91317,0.01225,9976.32704,44056.17227,P4 · MANUTENÇÃO / REFERÊNCIA
807,4,C04 · Standard / Classe Média,a,a,9820.04230,6846.66840,8031.48600,5428.38510,-0.18213,33.00000,0.91036,0.01225,9940.30836,43897.11119,P4 · MANUTENÇÃO / REFERÊNCIA
333,4,C04 · Standard / Classe Média,a,c,9773.19010,6846.66840,8031.48600,5428.38510,-0.17821,34.00000,0.90756,0.01225,9892.88236,43687.67459,P4 · MANUTENÇÃO / REFERÊNCIA
599,4,C04 · Standard / Classe Média,d,c,9769.72700,6846.66840,8031.48600,5428.38510,-0.17792,35.00000,0.90476,0.01225,9889.37685,43672.19400,P4 · MANUTENÇÃO / REFERÊNCIA
157,4,C04 · Standard / Classe Média,a,c,9722.79080,6846.66840,8031.48600,5428.38510,-0.17395,36.00000,0.90196,0.01225,9841.86582,43462.38191,P4 · MANUTENÇÃO / REFERÊNCIA
533,4,C04 · Standard / Classe Média,a,c,9659.64860,6846.66840,8031.48600,5428.38510,-0.16855,37.00000,0.89916,0.01225,9777.95032,43180.12649,P4 · MANUTENÇÃO / REFERÊNCIA
421,4,C04 · Standard / Classe Média,c,c,9588.25130,6846.66840,8031.48600,5428.38510,-0.16236,38.00000,0.89636,0.01225,9705.67861,42860.96949,P4 · MANUTENÇÃO / REFERÊNCIA
431,4,C04 · Standard / Classe Média,d,c,9524.92680,6846.66840,8031.48600,5428.38510,-0.15679,39.00000,0.89356,0.01225,9641.57858,42577.89916,P4 · MANUTENÇÃO / REFERÊNCIA
593,4,C04 · Standard / Classe Média,a,c,9507.95660,6846.66840,8031.48600,5428.38510,-0.15529,40.00000,0.89076,0.01225,9624.40054,42502.03974,P4 · MANUTENÇÃO / REFERÊNCIA
914,4,C04 · Standard / Classe Média,c,c,9506.70790,6846.66840,8031.48600,5428.38510,-0.15518,41.00000,0.88796,0.01225,9623.13655,42496.45785,P4 · MANUTENÇÃO / REFERÊNCIA
233,4,C04 · Standard / Classe Média,a,a,9431.08960,6846.66840,8031.48600,5428.38510,-0.14840,42.00000,0.88515,0.01225,9546.59215,42158.43233,P4 · MANUTENÇÃO / REFERÊNCIA
938,4,C04 · Standard / Classe Média,a,a,9408.11480,6846.66840,8031.48600,5428.38510,-0.14632,43.00000,0.88235,0.01225,9523.33598,42055.73141,P4 · MANUTENÇÃO / REFERÊNCIA
308,4,C04 · Standard / Classe Média,a,a,9353.16280,6846.66840,8031.48600,5428.38510,-0.14131,44.00000,0.87955,0.01225,9467.71098,41810.08746,P4 · MANUTENÇÃO / REFERÊNCIA
644,4,C04 · Standard / Classe Média,c,a,9353.05740,6846.66840,8031.48600,5428.38510,-0.14130,45.00000,0.87675,0.01225,9467.60429,41809.61630,P4 · MANUTENÇÃO / REFERÊNCIA
895,4,C04 · Standard / Classe Média,a,c,9329.35910,6846.66840,8031.48600,5428.38510,-0.13912,46.00000,0.87395,0.01225,9443.61576,41703.68123,P4 · MANUTENÇÃO / REFERÊNCIA
731,4,C04 · Standard / Classe Média,a,a,9249.22940,6846.66840,8031.48600,5428.38510,-0.13166,47.00000,0.87115,0.01225,9362.50471,41345.48905,P4 · MANUTENÇÃO / REFERÊNCIA
853,4,C04 · Standard / Classe Média,a,a,9243.10420,6846.66840,8031.48600,5428.38510,-0.13108,48.00000,0.86835,0.01225,9356.30450,41318.10846,P4 · MANUTENÇÃO / REFERÊNCIA
129,4,C04 · Standard / Classe Média,a,a,9208.12060,6846.66840,8031.48600,5428.38510,-0.12778,49.00000,0.86555,0.01225,9320.89245,41161.72634,P4 · MANUTENÇÃO / REFERÊNCIA
355,4,C04 · Standard / Classe Média,a,c,9148.81120,6846.66840,8031.48600,5428.38510,-0.12213,50.00000,0.86275,0.01225,9260.85669,40896.60413,P4 · MANUTENÇÃO / REFERÊNCIA
683,4,C04 · Standard / Classe Média,a,a,9147.08550,6846.66840,8031.48600,5428.38510,-0.12196,51.00000,0.85994,0.01225,9259.10986,40888.88998,P4 · MANUTENÇÃO / REFERÊNCIA
497,4,C04 · Standard / Classe Média,a,c,9062.12290,6846.66840,8031.48600,5428.38510,-0.11373,52.00000,0.85714,0.01225,9173.10672,40509.09399,P4 · MANUTENÇÃO / REFERÊNCIA
381,4,C04 · Standard / Classe Média,a,a,9001.55510,6846.66840,8031.48600,5428.38510,-0.10777,53.00000,0.85434,0.01225,9111.79715,40238.34654,P4 · MANUTENÇÃO / REFERÊNCIA
76,4,C04 · Standard / Classe Média,d,c,8999.54740,6846.66840,8031.48600,5428.38510,-0.10757,54.00000,0.85154,0.01225,9109.76486,40229.37181,P4 · MANUTENÇÃO / REFERÊNCIA
1053,4,C04 · Standard / Classe Média,a,a,8932.30740,6846.66840,8031.48600,5428.38510,-0.10085,55.00000,0.84874,0.01225,9041.70137,39928.79859,P4 · MANUTENÇÃO / REFERÊNCIA
245,4,C04 · Standard / Classe Média,a,c,8897.66330,6846.66840,8031.48600,5428.38510,-0.09735,56.00000,0.84594,0.01225,9006.63298,39773.93409,P4 · MANUTENÇÃO / REFERÊNCIA
1021,4,C04 · Standard / Classe Média,a,a,8877.74810,6846.66840,8031.48600,5428.38510,-0.09532,57.00000,0.84314,0.01225,8986.47388,39684.91006,P4 · MANUTENÇÃO / REFERÊNCIA
7,4,C04 · Standard / Classe Média,a,c,8817.05090,6846.66840,8031.48600,5428.38510,-0.08910,58.00000,0.84034,0.01225,8925.03332,39413.58417,P4 · MANUTENÇÃO / REFERÊNCIA
450,4,C04 · Standard / Classe Média,c,a,8790.51350,6846.66840,8031.48600,5428.38510,-0.08635,59.00000,0.83754,0.01225,8898.17092,39294.95787,P4 · MANUTENÇÃO / REFERÊNCIA
667,4,C04 · Standard / Classe Média,d,c,8786.50190,6846.66840,8031.48600,5428.38510,-0.08593,60.00000,0.83473,0.01225,8894.11019,39277.02540,P4 · MANUTENÇÃO / REFERÊNCIA
189,4,C04 · Standard / Classe Média,d,a,8762.92940,6846.66840,8031.48600,5428.38510,-0.08347,61.00000,0.83193,0.01225,8870.24900,39171.65267,P4 · MANUTENÇÃO / REFERÊNCIA
761,4,C04 · Standard / Classe Média,a,a,8729.47830,6846.66840,8031.48600,5428.38510,-0.07996,62.00000,0.82913,0.01225,8836.38822,39022.12107,P4 · MANUTENÇÃO / REFERÊNCIA
878,4,C04 · Standard / Classe Média,d,c,8720.08460,6846.66840,8031.48600,5428.38510,-0.07897,63.00000,0.82633,0.01225,8826.87948,38980.12978,P4 · MANUTENÇÃO / REFERÊNCIA
753,4,C04 · Standard / Classe Média,d,c,8710.27980,6846.66840,8031.48600,5428.38510,-0.07793,64.00000,0.82353,0.01225,8816.95460,38936.30080,P4 · MANUTENÇÃO / REFERÊNCIA
1040,4,C04 · Standard / Classe Média,a,a,8697.50960,6846.66840,8031.48600,5428.38510,-0.07658,65.00000,0.82073,0.01225,8804.02800,38879.21603,P4 · MANUTENÇÃO / REFERÊNCIA
106,4,C04 · Standard / Classe Média,a,a,8668.81940,6846.66840,8031.48600,5428.38510,-0.07352,66.00000,0.81793,0.01225,8774.98643,38750.96639,P4 · MANUTENÇÃO / REFERÊNCIA
967,4,C04 · Standard / Classe Média,a,c,8641.17200,6846.66840,8031.48600,5428.38510,-0.07056,67.00000,0.81513,0.01225,8747.00043,38627.37822,P4 · MANUTENÇÃO / REFERÊNCIA
148,4,C04 · Standard / Classe Média,a,a,8638.96560,6846.66840,8031.48600,5428.38510,-0.07032,68.00000,0.81232,0.01225,8744.76701,38617.51527,P4 · MANUTENÇÃO / REFERÊNCIA
862,4,C04 · Standard / Classe Média,a,c,8565.13390,6846.66840,8031.48600,5428.38510,-0.06230,69.00000,0.80952,0.01225,8670.03109,38287.47613,P4 · MANUTENÇÃO / REFERÊNCIA
872,4,C04 · Standard / Classe Média,a,c,8536.40690,6846.66840,8031.48600,5428.38510,-0.05915,70.00000,0.80672,0.01225,8640.95228,38159.06199,P4 · MANUTENÇÃO / REFERÊNCIA
616,4,C04 · Standard / Classe Média,a,c,8487.51220,6846.66840,8031.48600,5428.38510,-0.05373,71.00000,0.80392,0.01225,8591.45876,37940.49510,P4 · MANUTENÇÃO / REFERÊNCIA
33,4,C04 · Standard / Classe Média,a,c,8436.65980,6846.66840,8031.48600,5428.38510,-0.04803,72.00000,0.80112,0.01225,8539.98357,37713.17699,P4 · MANUTENÇÃO / REFERÊNCIA
1059,4,C04 · Standard / Classe Média,c,a,8424.55230,6846.66840,8031.48600,5428.38510,-0.04666,73.00000,0.79832,0.01225,8527.72779,37659.05459,P4 · MANUTENÇÃO / REFERÊNCIA
150,4,C04 · Standard / Classe Média,c,c,8417.24110,6846.66840,8031.48600,5428.38510,-0.04583,74.00000,0.79552,0.01225,8520.32705,37626.37239,P4 · MANUTENÇÃO / REFERÊNCIA
985,4,C04 · Standard / Classe Média,c,c,8387.25870,6846.66840,8031.48600,5428.38510,-0.04242,75.00000,0.79272,0.01225,8489.97746,37492.34641,P4 · MANUTENÇÃO / REFERÊNCIA
1093,4,C04 · Standard / Classe Média,c,c,8338.82690,6846.66840,8031.48600,5428.38510,-0.03686,76.00000,0.78992,0.01225,8440.95251,37275.84876,P4 · MANUTENÇÃO / REFERÊNCIA
482,4,C04 · Standard / Classe Média,c,a,8334.61760,6846.66840,8031.48600,5428.38510,-0.03637,77.00000,0.78711,0.01225,8436.69166,37257.03254,P4 · MANUTENÇÃO / REFERÊNCIA
536,4,C04 · Standard / Classe Média,a,c,8323.61360,6846.66840,8031.48600,5428.38510,-0.03510,78.00000,0.78431,0.01225,8425.55290,37207.84295,P4 · MANUTENÇÃO / REFERÊNCIA
707,4,C04 · Standard / Classe Média,a,c,8319.73170,6846.66840,8031.48600,5428.38510,-0.03465,79.00000,0.78151,0.01225,8421.62345,37190.49026,P4 · MANUTENÇÃO / REFERÊNCIA
493,4,C04 · Standard / Classe Média,d,c,8295.66880,6846.66840,8031.48600,5428.38510,-0.03185,80.00000,0.77871,0.01225,8397.26586,37082.92536,P4 · MANUTENÇÃO / REFERÊNCIA
579,4,C04 · Standard / Classe Média,c,a,8294.34790,6846.66840,8031.48600,5428.38510,-0.03169,81.00000,0.77591,0.01225,8395.92878,37077.02074,P4 · MANUTENÇÃO / REFERÊNCIA
137,4,C04 · Standard / Classe Média,a,a,8274.98230,6846.66840,8031.48600,5428.38510,-0.02943,82.00000,0.77311,0.01225,8376.32601,36990.45350,P4 · MANUTENÇÃO / REFERÊNCIA
147,4,C04 · Standard / Classe Média,d,c,8212.55840,6846.66840,8031.48600,5428.38510,-0.02205,83.00000,0.77031,0.01225,8313.13760,36711.40899,P4 · MANUTENÇÃO / REFERÊNCIA
510,4,C04 · Standard / Classe Média,a,c,8196.73940,6846.66840,8031.48600,5428.38510,-0.02016,84.00000,0.76751,0.01225,8297.12487,36640.69561,P4 · MANUTENÇÃO / REFERÊNCIA
349,4,C04 · Standard / Classe Média,c,c,8159.21570,6846.66840,8031.48600,5428.38510,-0.01565,85.00000,0.76471,0.01225,8259.14161,36472.95886,P4 · MANUTENÇÃO / REFERÊNCIA
849,4,C04 · Standard / Classe Média,c,c,8155.21810,6846.66840,8031.48600,5428.38510,-0.01517,86.00000,0.76190,0.01225,8255.09506,36455.08897,P4 · MANUTENÇÃO / REFERÊNCIA
287,4,C04 · Standard / Classe Média,c,a,8152.40030,6846.66840,8031.48600,5428.38510,-0.01483,87.00000,0.75910,0.01225,8252.24275,36442.49296,P4 · MANUTENÇÃO / REFERÊNCIA
535,4,C04 · Standard / Classe Média,a,a,8115.77150,6846.66840,8031.48600,5428.38510,-0.01039,88.00000,0.75630,0.01225,8215.16535,36278.75655,P4 · MANUTENÇÃO / REFERÊNCIA
694,4,C04 · Standard / Classe Média,a,c,8047.52250,6846.66840,8031.48600,5428.38510,-0.00199,89.00000,0.75350,0.01225,8146.08051,35973.67294,P4 · MANUTENÇÃO / REFERÊNCIA
34,4,C04 · Standard / Classe Média,c,a,8031.48600,6846.66840,8031.48600,5428.38510,0.00000,90.00000,0.75070,0.01225,8129.84761,35901.98730,P4 · MANUTENÇÃO / REFERÊNCIA
742,4,C04 · Standard / Classe Média,d,c,8025.88830,6846.66840,8031.48600,5428.38510,0.00070,91.00000,0.74790,0.01225,8124.18135,35876.96471,P3 · ACOMPANHAMENTO
838,4,C04 · Standard / Classe Média,d,c,7987.27240,6846.66840,8031.48600,5428.38510,0.00554,92.00000,0.74510,0.01225,8085.09253,35704.34566,P3 · ACOMPANHAMENTO
1055,4,C04 · Standard / Classe Média,c,a,7914.59390,6846.66840,8031.48600,5428.38510,0.01477,93.00000,0.74230,0.01225,8011.52393,35379.46150,P3 · ACOMPANHAMENTO
718,4,C04 · Standard / Classe Média,a,a,7911.31370,6846.66840,8031.48600,5428.38510,0.01519,94.00000,0.73950,0.01225,8008.20356,35364.79849,P3 · ACOMPANHAMENTO
67,4,C04 · Standard / Classe Média,a,c,7828.93050,6846.66840,8031.48600,5428.38510,0.02587,95.00000,0.73669,0.01225,7924.81141,34996.53282,P3 · ACOMPANHAMENTO
529,4,C04 · Standard / Classe Média,d,c,7823.78320,6846.66840,8031.48600,5428.38510,0.02655,96.00000,0.73389,0.01225,7919.60107,34973.52359,P3 · ACOMPANHAMENTO
357,4,C04 · Standard / Classe Média,a,a,7805.63360,6846.66840,8031.48600,5428.38510,0.02893,97.00000,0.73109,0.01225,7901.22919,34892.39207,P3 · ACOMPANHAMENTO
319,4,C04 · Standard / Classe Média,a,c,7787.07650,6846.66840,8031.48600,5428.38510,0.03139,98.00000,0.72829,0.01225,7882.44483,34809.43895,P3 · ACOMPANHAMENTO
951,4,C04 · Standard / Classe Média,d,c,7776.97950,6846.66840,8031.48600,5428.38510,0.03273,99.00000,0.72549,0.01225,7872.22417,34764.30380,P3 · ACOMPANHAMENTO
20,4,C04 · Standard / Classe Média,d,a,7756.93540,6846.66840,8031.48600,5428.38510,0.03539,100.00000,0.72269,0.01225,7851.93459,34674.70356,P3 · ACOMPANHAMENTO
327,4,C04 · Standard / Classe Média,c,c,7738.18920,6846.66840,8031.48600,5428.38510,0.03790,101.00000,0.71989,0.01225,7832.95880,34590.90514,P3 · ACOMPANHAMENTO
200,4,C04 · Standard / Classe Média,a,a,7729.54430,6846.66840,8031.48600,5428.38510,0.03906,102.00000,0.71709,0.01225,7824.20803,34552.26110,P3 · ACOMPANHAMENTO
496,4,C04 · Standard / Classe Média,d,c,7728.90050,6846.66840,8031.48600,5428.38510,0.03915,103.00000,0.71429,0.01225,7823.55634,34549.38321,P3 · ACOMPANHAMENTO
975,4,C04 · Standard / Classe Média,a,c,7715.73680,6846.66840,8031.48600,5428.38510,0.04092,104.00000,0.71148,0.01225,7810.23143,34490.53944,P3 · ACOMPANHAMENTO
16,4,C04 · Standard / Classe Média,a,c,7680.68340,6846.66840,8031.48600,5428.38510,0.04567,105.00000,0.70868,0.01225,7774.74873,34333.84530,P3 · ACOMPANHAMENTO
721,4,C04 · Standard / Classe Média,a,c,7673.41330,6846.66840,8031.48600,5428.38510,0.04666,106.00000,0.70588,0.01248,7769.14680,34942.72908,P3 · ACOMPANHAMENTO
791,4,C04 · Standard / Classe Média,a,a,7668.77660,6846.66840,8031.48600,5428.38510,0.04730,107.00000,0.70308,0.01265,7765.79429,35411.45786,P3 · ACOMPANHAMENTO
494,4,C04 · Standard / Classe Média,b,a,7649.29620,6846.66840,8031.48600,5428.38510,0.04996,108.00000,0.70028,0.01316,7749.98389,36751.00535,P3 · ACOMPANHAMENTO
417,4,C04 · Standard / Classe Média,a,c,7633.28110,6846.66840,8031.48600,5428.38510,0.05217,109.00000,0.69748,0.01361,7737.14716,37911.11041,P3 · ACOMPANHAMENTO
741,4,C04 · Standard / Classe Média,d,c,7619.46810,6846.66840,8031.48600,5428.38510,0.05407,110.00000,0.69468,0.01401,7726.20161,38957.73084,P3 · ACOMPANHAMENTO
993,4,C04 · Standard / Classe Média,d,c,7618.02950,6846.66840,8031.48600,5428.38510,0.05427,111.00000,0.69188,0.01413,7725.63417,39275.70334,P3 · ACOMPANHAMENTO
12,4,C04 · Standard / Classe Média,a,c,7589.59820,6846.66840,8031.48600,5428.38510,0.05822,112.00000,0.68908,0.01488,7702.56178,41231.70656,P3 · ACOMPANHAMENTO
458,4,C04 · Standard / Classe Média,c,a,7582.11780,6846.66840,8031.48600,5428.38510,0.05927,113.00000,0.68627,0.01515,7697.00963,41935.51832,P3 · ACOMPANHAMENTO
506,4,C04 · Standard / Classe Média,a,a,7581.34400,6846.66840,8031.48600,5428.38510,0.05937,114.00000,0.68347,0.01526,7697.06563,42238.39671,P3 · ACOMPANHAMENTO
1085,4,C04 · Standard / Classe Média,c,a,7567.23340,6846.66840,8031.48600,5428.38510,0.06135,115.00000,0.68067,0.01570,7686.05410,43369.55508,P3 · ACOMPANHAMENTO
230,4,C04 · Standard / Classe Média,d,c,7561.64030,6846.66840,8031.48600,5428.38510,0.06214,116.00000,0.67787,0.01594,7682.14260,43983.33943,P3 · ACOMPANHAMENTO
474,4,C04 · Standard / Classe Média,c,a,7526.81840,6846.66840,8031.48600,5428.38510,0.06705,117.00000,0.67507,0.01691,7654.08937,46453.90490,P3 · ACOMPANHAMENTO
880,4,C04 · Standard / Classe Média,a,c,7507.05920,6846.66840,8031.48600,5428.38510,0.06986,118.00000,0.67227,0.01752,7638.57537,48003.40210,P3 · ACOMPANHAMENTO
859,4,C04 · Standard / Classe Média,c,a,7503.74920,6846.66840,8031.48600,5428.38510,0.07033,119.00000,0.66947,0.01771,7636.65561,48510.83813,P3 · ACOMPANHAMENTO
101,4,C04 · Standard / Classe Média,d,c,7469.87760,6846.66840,8031.48600,5428.38510,0.07518,120.00000,0.66667,0.01871,7609.64648,51015.64112,P3 · ACOMPANHAMENTO
140,4,C04 · Standard / Classe Média,a,c,7469.04990,6846.66840,8031.48600,5428.38510,0.07530,121.00000,0.66387,0.01885,7609.82655,51383.47817,P3 · ACOMPANHAMENTO
403,4,C04 · Standard / Classe Média,a,a,7468.52370,6846.66840,8031.48600,5428.38510,0.07538,122.00000,0.66106,0.01898,7610.26881,51736.96563,P3 · ACOMPANHAMENTO
744,4,C04 · Standard / Classe Média,a,a,7457.06780,6846.66840,8031.48600,5428.38510,0.07703,123.00000,0.65826,0.01940,7601.77220,52817.10624,P3 · ACOMPANHAMENTO
1000,4,C04 · Standard / Classe Média,a,c,7452.61250,6846.66840,8031.48600,5428.38510,0.07767,124.00000,0.65546,0.01965,7599.02653,53441.11919,P3 · ACOMPANHAMENTO
857,4,C04 · Standard / Classe Média,c,a,7446.32270,6846.66840,8031.48600,5428.38510,0.07858,125.00000,0.65266,0.01994,7594.79493,54192.36334,P3 · ACOMPANHAMENTO
275,4,C04 · Standard / Classe Média,d,a,7443.84240,6846.66840,8031.48600,5428.38510,0.07894,126.00000,0.64986,0.02013,7593.68695,54693.25984,P3 · ACOMPANHAMENTO
1025,4,C04 · Standard / Classe Média,a,a,7425.50130,6846.66840,8031.48600,5428.38510,0.08161,127.00000,0.64706,0.02077,7579.72154,56290.38632,P3 · ACOMPANHAMENTO
922,4,C04 · Standard / Classe Média,d,a,7405.84650,6846.66840,8031.48600,5428.38510,0.08448,128.00000,0.64426,0.02146,7564.74634,57998.44251,P3 · ACOMPANHAMENTO
932,4,C04 · Standard / Classe Média,a,a,7395.20870,6846.66840,8031.48600,5428.38510,0.08604,129.00000,0.64146,0.02189,7557.11940,59097.40524,P3 · ACOMPANHAMENTO
107,4,C04 · Standard / Classe Média,a,a,7336.58930,6846.66840,8031.48600,5428.38510,0.09472,130.00000,0.63866,0.02375,7510.84063,63601.73635,P3 · ACOMPANHAMENTO
1060,4,C04 · Standard / Classe Média,a,c,7327.31320,6846.66840,8031.48600,5428.38510,0.09610,131.00000,0.63585,0.02417,7504.44367,64652.62129,P3 · ACOMPANHAMENTO
1022,4,C04 · Standard / Classe Média,a,c,7325.00510,6846.66840,8031.48600,5428.38510,0.09645,132.00000,0.63305,0.02439,7503.67662,65215.10641,P3 · ACOMPANHAMENTO
981,4,C04 · Standard / Classe Média,d,c,7308.91280,6846.66840,8031.48600,5428.38510,0.09886,133.00000,0.63025,0.02503,7491.86951,66779.19740,P3 · ACOMPANHAMENTO
678,4,C04 · Standard / Classe Média,c,a,7299.93710,6846.66840,8031.48600,5428.38510,0.10021,134.00000,0.62745,0.02546,7485.80080,67840.24995,P3 · ACOMPANHAMENTO
439,4,C04 · Standard / Classe Média,a,a,7294.94260,6846.66840,8031.48600,5428.38510,0.10097,135.00000,0.62465,0.02577,7482.94057,68619.25750,P3 · ACOMPANHAMENTO
116,4,C04 · Standard / Classe Média,a,a,7294.54530,6846.66840,8031.48600,5428.38510,0.10103,136.00000,0.62185,0.02594,7483.75851,69062.82185,P3 · ACOMPANHAMENTO
1052,4,C04 · Standard / Classe Média,a,c,7269.39540,6846.66840,8031.48600,5428.38510,0.10484,137.00000,0.61905,0.02689,7464.88398,71353.33210,P3 · ACOMPANHAMENTO
1058,4,C04 · Standard / Classe Média,a,c,7263.33890,6846.66840,8031.48600,5428.38510,0.10576,138.00000,0.61625,0.02725,7461.25036,72237.68230,P3 · ACOMPANHAMENTO
226,4,C04 · Standard / Classe Média,a,a,7257.29070,6846.66840,8031.48600,5428.38510,0.10668,139.00000,0.61345,0.02761,7457.64272,73128.48889,P3 · ACOMPANHAMENTO
161,4,C04 · Standard / Classe Média,a,c,7252.59820,6846.66840,8031.48600,5428.38510,0.10739,140.00000,0.61064,0.02792,7455.12700,73923.01373,P3 · ACOMPANHAMENTO
940,4,C04 · Standard / Classe Média,d,c,7252.59230,6846.66840,8031.48600,5428.38510,0.10740,141.00000,0.60784,0.02809,7456.32487,74362.38816,P3 · ACOMPANHAMENTO
223,4,C04 · Standard / Classe Média,d,c,7232.87600,6846.66840,8031.48600,5428.38510,0.11041,142.00000,0.60504,0.02891,7441.99291,76327.67248,P3 · ACOMPANHAMENTO
180,4,C04 · Standard / Classe Média,d,a,7220.06120,6846.66840,8031.48600,5428.38510,0.11238,143.00000,0.60224,0.02951,7433.14687,77776.26816,P3 · ACOMPANHAMENTO
169,4,C04 · Standard / Classe Média,d,a,7218.92820,6846.66840,8031.48600,5428.38510,0.11256,144.00000,0.59944,0.02973,7433.51084,78322.66387,P3 · ACOMPANHAMENTO
978,4,C04 · Standard / Classe Média,c,c,7213.57440,6846.66840,8031.48600,5428.38510,0.11339,145.00000,0.59664,0.03008,7430.56593,79201.90901,P3 · ACOMPANHAMENTO
190,4,C04 · Standard / Classe Média,a,a,7198.95500,6846.66840,8031.48600,5428.38510,0.11565,146.00000,0.59384,0.03076,7420.40205,80828.17499,P3 · ACOMPANHAMENTO
968,4,C04 · Standard / Classe Média,c,a,7191.97690,6846.66840,8031.48600,5428.38510,0.11673,147.00000,0.59104,0.03118,7416.24432,81857.60672,P3 · ACOMPANHAMENTO
556,4,C04 · Standard / Classe Média,d,c,7178.75350,6846.66840,8031.48600,5428.38510,0.11879,148.00000,0.58824,0.03183,7407.23887,83397.15874,P3 · ACOMPANHAMENTO
720,4,C04 · Standard / Classe Média,a,c,7166.12880,6846.66840,8031.48600,5428.38510,0.12076,149.00000,0.58543,0.03246,7398.74851,84906.19305,P3 · ACOMPANHAMENTO
623,4,C04 · Standard / Classe Média,a,a,7146.07700,6846.66840,8031.48600,5428.38510,0.12390,150.00000,0.58263,0.03337,7384.53444,87036.96685,P3 · ACOMPANHAMENTO
856,4,C04 · Standard / Classe Média,a,a,7142.38010,6846.66840,8031.48600,5428.38510,0.12448,151.00000,0.57983,0.03369,7383.03546,87839.20461,P3 · ACOMPANHAMENTO
278,4,C04 · Standard / Classe Média,a,c,7142.16710,6846.66840,8031.48600,5428.38510,0.12452,152.00000,0.57703,0.03389,7384.24371,88357.96327,P3 · ACOMPANHAMENTO
236,4,C04 · Standard / Classe Média,a,a,7119.56380,6846.66840,8031.48600,5428.38510,0.12809,153.00000,0.57423,0.03492,7368.19321,90749.73356,P3 · ACOMPANHAMENTO
37,4,C04 · Standard / Classe Média,c,a,7114.17050,6846.66840,8031.48600,5428.38510,0.12894,154.00000,0.57143,0.03532,7365.44300,91714.46325,P3 · ACOMPANHAMENTO
283,4,C04 · Standard / Classe Média,a,a,7114.15920,6846.66840,8031.48600,5428.38510,0.12894,155.00000,0.56863,0.03552,7366.85413,92233.65120,P3 · ACOMPANHAMENTO
120,4,C04 · Standard / Classe Média,d,a,7110.10240,6846.66840,8031.48600,5428.38510,0.12959,156.00000,0.56583,0.03587,7365.15599,93094.56155,P3 · ACOMPANHAMENTO
246,4,C04 · Standard / Classe Média,c,a,7081.05480,6846.66840,8031.48600,5428.38510,0.13422,157.00000,0.56303,0.03719,7344.36382,96107.79330,P3 · ACOMPANHAMENTO
273,4,C04 · Standard / Classe Média,a,c,7059.64830,6846.66840,8031.48600,5428.38510,0.13766,158.00000,0.56022,0.03822,7329.49630,98494.51877,P3 · ACOMPANHAMENTO
413,4,C04 · Standard / Classe Média,a,c,7058.21700,6846.66840,8031.48600,5428.38510,0.13789,159.00000,0.55742,0.03849,7329.90189,99164.98440,P3 · ACOMPANHAMENTO
959,4,C04 · Standard / Classe Média,a,c,7051.43490,6846.66840,8031.48600,5428.38510,0.13899,160.00000,0.55462,0.03897,7326.25047,100307.68391,P3 · ACOMPANHAMENTO
689,4,C04 · Standard / Classe Média,d,a,7046.11270,6846.66840,8031.48600,5428.38510,0.13985,161.00000,0.55182,0.03940,7323.72249,101327.57491,P3 · ACOMPANHAMENTO
632,4,C04 · Standard / Classe Média,a,a,7028.77420,6846.66840,8031.48600,5428.38510,0.14266,162.00000,0.54902,0.04031,7312.11815,103420.54013,P3 · ACOMPANHAMENTO
624,4,C04 · Standard / Classe Média,a,c,7019.06680,6846.66840,8031.48600,5428.38510,0.14424,163.00000,0.54622,0.04093,7306.32913,104850.74967,P3 · ACOMPANHAMENTO
374,4,C04 · Standard / Classe Média,a,a,7009.67350,6846.66840,8031.48600,5428.38510,0.14577,164.00000,0.54342,0.04153,7300.80627,106263.46086,P3 · ACOMPANHAMENTO
1102,4,C04 · Standard / Classe Média,a,a,6999.98870,6846.66840,8031.48600,5428.38510,0.14736,165.00000,0.54062,0.04216,7295.09422,107713.51612,P3 · ACOMPANHAMENTO
487,4,C04 · Standard / Classe Média,d,c,6999.29970,6846.66840,8031.48600,5428.38510,0.14747,166.00000,0.53782,0.04241,7296.16800,108356.92858,P3 · ACOMPANHAMENTO
498,4,C04 · Standard / Classe Média,a,a,6996.53380,6846.66840,8031.48600,5428.38510,0.14792,167.00000,0.53501,0.04276,7295.68460,109190.04043,P3 · ACOMPANHAMENTO
1007,4,C04 · Standard / Classe Média,c,c,6996.20410,6846.66840,8031.48600,5428.38510,0.14798,168.00000,0.53221,0.04300,7297.03388,109802.86974,P3 · ACOMPANHAMENTO
297,4,C04 · Standard / Classe Média,a,a,6992.07080,6846.66840,8031.48600,5428.38510,0.14866,169.00000,0.52941,0.04340,7295.54765,110769.04986,P3 · ACOMPANHAMENTO
296,4,C04 · Standard / Classe Média,a,a,6963.46090,6846.66840,8031.48600,5428.38510,0.15338,170.00000,0.52661,0.04486,7275.84176,114019.01243,P3 · ACOMPANHAMENTO
821,4,C04 · Standard / Classe Média,a,a,6937.49110,6846.66840,8031.48600,5428.38510,0.15769,171.00000,0.52381,0.04623,7258.19744,117057.81358,P3 · ACOMPANHAMENTO
360,4,C04 · Standard / Classe Média,a,a,6935.45920,6846.66840,8031.48600,5428.38510,0.15803,172.00000,0.52101,0.04656,7258.37418,117863.96783,P3 · ACOMPANHAMENTO
870,4,C04 · Standard / Classe Média,a,a,6929.20470,6846.66840,8031.48600,5428.38510,0.15908,173.00000,0.51821,0.04708,7255.43166,119072.83941,P3 · ACOMPANHAMENTO
424,4,C04 · Standard / Classe Média,d,c,6925.75610,6846.66840,8031.48600,5428.38510,0.15965,174.00000,0.51541,0.04748,7254.58407,120022.21046,P3 · ACOMPANHAMENTO
561,4,C04 · Standard / Classe Média,d,a,6913.82670,6846.66840,8031.48600,5428.38510,0.16166,175.00000,0.51261,0.04826,7247.50180,121791.41303,P3 · ACOMPANHAMENTO
155,4,C04 · Standard / Classe Média,d,a,6886.85230,6846.66840,8031.48600,5428.38510,0.16621,176.00000,0.50980,0.04974,7229.38367,125023.95109,P3 · ACOMPANHAMENTO
783,4,C04 · Standard / Classe Média,d,c,6860.18540,6846.66840,8031.48600,5428.38510,0.17074,177.00000,0.50700,0.05122,7211.58468,128260.73601,P3 · ACOMPANHAMENTO
987,4,C04 · Standard / Classe Média,c,a,6847.35590,6846.66840,8031.48600,5428.38510,0.17293,178.00000,0.50420,0.05208,7203.99358,130172.75491,P3 · ACOMPANHAMENTO
197,4,C04 · Standard / Classe Média,c,a,6846.66840,6846.66840,8031.48600,5428.38510,0.17305,179.00000,0.50140,0.05238,7205.31058,130904.39721,P3 · ACOMPANHAMENTO
191,4,C04 · Standard / Classe Média,a,a,6838.93730,6846.66840,8031.48600,5428.38510,0.17438,180.00000,0.49860,0.05301,7201.50356,132336.68525,P3 · ACOMPANHAMENTO
724,4,C04 · Standard / Classe Média,d,c,6812.90500,6846.66840,8031.48600,5428.38510,0.17886,181.00000,0.49580,0.05453,7184.39908,135595.34060,P3 · ACOMPANHAMENTO
478,4,C04 · Standard / Classe Média,d,c,6806.94900,6846.66840,8031.48600,5428.38510,0.17990,182.00000,0.49300,0.05509,7181.95063,136875.59399,P3 · ACOMPANHAMENTO
934,4,C04 · Standard / Classe Média,a,c,6763.62000,6846.66840,8031.48600,5428.38510,0.18745,183.00000,0.49020,0.05749,7152.44699,141921.85009,P3 · ACOMPANHAMENTO
151,4,C04 · Standard / Classe Média,d,c,6755.76410,6846.66840,8031.48600,5428.38510,0.18883,184.00000,0.48739,0.05817,7148.71987,143428.85774,P3 · ACOMPANHAMENTO
771,4,C04 · Standard / Classe Média,a,a,6722.01130,6846.66840,8031.48600,5428.38510,0.19480,185.00000,0.48459,0.06015,7126.33356,147577.62405,P3 · ACOMPANHAMENTO
917,4,C04 · Standard / Classe Média,a,a,6702.94480,6846.66840,8031.48600,5428.38510,0.19820,186.00000,0.48179,0.06142,7114.61956,150261.28769,P3 · ACOMPANHAMENTO
352,4,C04 · Standard / Classe Média,d,c,6692.23210,6846.66840,8031.48600,5428.38510,0.20012,187.00000,0.47899,0.06227,7108.97078,152109.61723,P2 · AÇÃO PLANEJADA
15,4,C04 · Standard / Classe Média,d,c,6672.84440,6846.66840,8031.48600,5428.38510,0.20361,188.00000,0.47619,0.06359,7097.13721,154866.87608,P2 · AÇÃO PLANEJADA
311,4,C04 · Standard / Classe Média,a,c,6638.58770,6846.66840,8031.48600,5428.38510,0.20982,189.00000,0.47339,0.06570,7074.72963,159191.80617,P2 · AÇÃO PLANEJADA
1113,4,C04 · Standard / Classe Média,a,c,6627.85970,6846.66840,8031.48600,5428.38510,0.21178,190.00000,0.47059,0.06659,7069.21551,161094.86893,P2 · AÇÃO PLANEJADA
70,4,C04 · Standard / Classe Média,c,c,6608.02810,6846.66840,8031.48600,5428.38510,0.21541,191.00000,0.46779,0.06798,7057.25507,163967.84270,P2 · AÇÃO PLANEJADA
670,4,C04 · Standard / Classe Média,a,a,6589.94850,6846.66840,8031.48600,5428.38510,0.21875,192.00000,0.46499,0.06929,7046.59898,166677.42568,P2 · AÇÃO PLANEJADA
241,4,C04 · Standard / Classe Média,d,c,6583.22720,6846.66840,8031.48600,5428.38510,0.21999,193.00000,0.46218,0.07000,7044.05310,168201.45496,P2 · AÇÃO PLANEJADA
854,4,C04 · Standard / Classe Média,c,a,6577.14360,6846.66840,8031.48600,5428.38510,0.22112,194.00000,0.45938,0.07068,7041.98322,169666.46273,P2 · AÇÃO PLANEJADA
648,4,C04 · Standard / Classe Média,d,a,6573.99620,6846.66840,8031.48600,5428.38510,0.22171,195.00000,0.45658,0.07119,7041.99899,170821.01816,P2 · AÇÃO PLANEJADA
18,4,C04 · Standard / Classe Média,d,c,6560.27750,6846.66840,8031.48600,5428.38510,0.22426,196.00000,0.45378,0.07230,7034.57900,173120.04858,P2 · AÇÃO PLANEJADA
260,4,C04 · Standard / Classe Média,a,a,6559.99740,6846.66840,8031.48600,5428.38510,0.22431,197.00000,0.45098,0.07266,7036.64681,173977.03505,P2 · AÇÃO PLANEJADA
551,4,C04 · Standard / Classe Média,a,c,6559.37880,6846.66840,8031.48600,5428.38510,0.22443,198.00000,0.44818,0.07304,7038.48239,174872.80923,P2 · AÇÃO PLANEJADA
961,4,C04 · Standard / Classe Média,d,c,6521.93580,6846.66840,8031.48600,5428.38510,0.23146,199.00000,0.44538,0.07553,7014.54413,179802.04151,P2 · AÇÃO PLANEJADA
62,4,C04 · Standard / Classe Média,a,a,6503.86650,6846.66840,8031.48600,5428.38510,0.23488,200.00000,0.44258,0.07694,7004.25448,182641.61157,P2 · AÇÃO PLANEJADA
340,4,C04 · Standard / Classe Média,a,c,6485.64290,6846.66840,8031.48600,5428.38510,0.23835,201.00000,0.43978,0.07837,6993.90976,185517.40492,P2 · AÇÃO PLANEJADA
325,4,C04 · Standard / Classe Média,a,c,6484.64570,6846.66840,8031.48600,5428.38510,0.23854,202.00000,0.43697,0.07879,6995.59687,186497.17825,P2 · AÇÃO PLANEJADA
19,4,C04 · Standard / Classe Média,a,c,6464.91530,6846.66840,8031.48600,5428.38510,0.24232,203.00000,0.43417,0.08034,6984.29367,189573.10336,P2 · AÇÃO PLANEJADA
109,4,C04 · Standard / Classe Média,a,c,6464.32400,6846.66840,8031.48600,5428.38510,0.24243,204.00000,0.43137,0.08075,6986.29877,190520.79106,P2 · AÇÃO PLANEJADA
1057,4,C04 · Standard / Classe Média,d,c,6423.99620,6846.66840,8031.48600,5428.38510,0.25023,205.00000,0.42857,0.08357,6960.85599,195953.82205,P2 · AÇÃO PLANEJADA
650,4,C04 · Standard / Classe Média,a,a,6391.00800,6846.66840,8031.48600,5428.38510,0.25669,206.00000,0.42577,0.08600,6940.60273,200602.07753,P2 · AÇÃO PLANEJADA
1006,4,C04 · Standard / Classe Média,c,c,6371.96150,6846.66840,8031.48600,5428.38510,0.26044,207.00000,0.42297,0.08758,6930.03700,203697.55898,P2 · AÇÃO PLANEJADA
877,4,C04 · Standard / Classe Média,a,c,6331.50250,6846.66840,8031.48600,5428.38510,0.26850,208.00000,0.42017,0.09055,6904.83271,209265.52825,P2 · AÇÃO PLANEJADA
441,4,C04 · Standard / Classe Média,d,a,6328.35170,6846.66840,8031.48600,5428.38510,0.26913,209.00000,0.41737,0.09117,6905.29487,210584.25624,P2 · AÇÃO PLANEJADA
625,4,C04 · Standard / Classe Média,a,a,6300.19510,6846.66840,8031.48600,5428.38510,0.27480,210.00000,0.41457,0.09341,6888.69002,214800.64730,P2 · AÇÃO PLANEJADA
602,4,C04 · Standard / Classe Média,a,a,6300.16770,6846.66840,8031.48600,5428.38510,0.27481,211.00000,0.41176,0.09383,6891.33764,215777.02663,P2 · AÇÃO PLANEJADA
1087,4,C04 · Standard / Classe Média,d,c,6282.20280,6846.66840,8031.48600,5428.38510,0.27845,212.00000,0.40896,0.09544,6881.79508,218851.18287,P2 · AÇÃO PLANEJADA
187,4,C04 · Standard / Classe Média,a,c,6279.73340,6846.66840,8031.48600,5428.38510,0.27895,213.00000,0.40616,0.09604,6882.81388,220124.37403,P2 · AÇÃO PLANEJADA
255,4,C04 · Standard / Classe Média,c,c,6271.13090,6846.66840,8031.48600,5428.38510,0.28071,214.00000,0.40336,0.09704,6879.69398,222125.52595,P2 · AÇÃO PLANEJADA
361,4,C04 · Standard / Classe Média,c,c,6266.88330,6846.66840,8031.48600,5428.38510,0.28158,215.00000,0.40056,0.09776,6879.53381,223617.43666,P2 · AÇÃO PLANEJADA
628,4,C04 · Standard / Classe Média,a,c,6231.08290,6846.66840,8031.48600,5428.38510,0.28894,216.00000,0.39776,0.10063,6858.13547,228874.18640,P2 · AÇÃO PLANEJADA
112,4,C04 · Standard / Classe Média,a,a,6229.44900,6846.66840,8031.48600,5428.38510,0.28928,217.00000,0.39496,0.10119,6859.81317,230082.92342,P2 · AÇÃO PLANEJADA
1005,4,C04 · Standard / Classe Média,a,a,6205.98070,6846.66840,8031.48600,5428.38510,0.29415,218.00000,0.39216,0.10327,6846.84750,233916.38308,P2 · AÇÃO PLANEJADA
850,4,C04 · Standard / Classe Média,d,a,6201.78890,6846.66840,8031.48600,5428.38510,0.29503,219.00000,0.38936,0.10401,6846.85557,235449.33413,P2 · AÇÃO PLANEJADA
303,4,C04 · Standard / Classe Média,a,a,6188.15400,6846.66840,8031.48600,5428.38510,0.29788,220.00000,0.38655,0.10493,6837.45843,236996.11869,P2 · AÇÃO PLANEJADA
588,4,C04 · Standard / Classe Média,d,c,6154.61100,6846.66840,8031.48600,5428.38510,0.30495,221.00000,0.38375,0.10493,6800.39587,235711.47696,P2 · AÇÃO PLANEJADA
1023,4,C04 · Standard / Classe Média,c,a,6152.61790,6846.66840,8031.48600,5428.38510,0.30538,222.00000,0.38095,0.10493,6798.19364,235635.14451,P2 · AÇÃO PLANEJADA
1024,4,C04 · Standard / Classe Média,c,c,6135.47070,6846.66840,8031.48600,5428.38510,0.30903,223.00000,0.37815,0.10493,6779.24723,234978.43496,P2 · AÇÃO PLANEJADA
1041,4,C04 · Standard / Classe Média,c,a,6111.71540,6846.66840,8031.48600,5428.38510,0.31411,224.00000,0.37535,0.10493,6752.99936,234068.64605,P2 · AÇÃO PLANEJADA
463,4,C04 · Standard / Classe Média,a,a,6094.67140,6846.66840,8031.48600,5428.38510,0.31779,225.00000,0.37255,0.10493,6734.16699,233415.88889,P2 · AÇÃO PLANEJADA
1002,4,C04 · Standard / Classe Média,d,c,6063.50770,6846.66840,8031.48600,5428.38510,0.32456,226.00000,0.36975,0.10493,6699.73337,232222.37044,P2 · AÇÃO PLANEJADA
1071,4,C04 · Standard / Classe Média,a,a,6027.22580,6846.66840,8031.48600,5428.38510,0.33253,227.00000,0.36695,0.10493,6659.64452,230832.83335,P2 · AÇÃO PLANEJADA
75,4,C04 · Standard / Classe Média,d,c,6023.45410,6846.66840,8031.48600,5428.38510,0.33337,228.00000,0.36415,0.10493,6655.47707,230688.38345,P2 · AÇÃO PLANEJADA
119,4,C04 · Standard / Classe Média,a,c,6005.08550,6846.66840,8031.48600,5428.38510,0.33745,229.00000,0.36134,0.10493,6635.18111,229984.89628,P2 · AÇÃO PLANEJADA
627,4,C04 · Standard / Classe Média,c,c,5991.25220,6846.66840,8031.48600,5428.38510,0.34054,230.00000,0.35854,0.10493,6619.89632,229455.10365,P2 · AÇÃO PLANEJADA
939,4,C04 · Standard / Classe Média,d,a,5977.84980,6846.66840,8031.48600,5428.38510,0.34354,231.00000,0.35574,0.10493,6605.08765,228941.81378,P2 · AÇÃO PLANEJADA
89,4,C04 · Standard / Classe Média,a,a,5971.33920,6846.66840,8031.48600,5428.38510,0.34501,232.00000,0.35294,0.10493,6597.89391,228692.46851,P2 · AÇÃO PLANEJADA
671,4,C04 · Standard / Classe Média,a,c,5935.50000,6846.66840,8031.48600,5428.38510,0.35313,233.00000,0.35014,0.10493,6558.29421,227319.88610,P2 · AÇÃO PLANEJADA
393,4,C04 · Standard / Classe Média,d,c,5903.06680,6846.66840,8031.48600,5428.38510,0.36056,234.00000,0.34734,0.10493,6522.45789,226077.74790,P2 · AÇÃO PLANEJADA
598,4,C04 · Standard / Classe Média,c,a,5892.29260,6846.66840,8031.48600,5428.38510,0.36305,235.00000,0.34454,0.10493,6510.55319,225665.11376,P2 · AÇÃO PLANEJADA
834,4,C04 · Standard / Classe Média,a,a,5868.54210,6846.66840,8031.48600,5428.38510,0.36857,236.00000,0.34174,0.10493,6484.31062,224755.50868,P2 · AÇÃO PLANEJADA
87,4,C04 · Standard / Classe Média,a,a,5865.16200,6846.66840,8031.48600,5428.38510,0.36935,237.00000,0.33894,0.10493,6480.57585,224626.05641,P2 · AÇÃO PLANEJADA
31,4,C04 · Standard / Classe Média,d,c,5862.42730,6846.66840,8031.48600,5428.38510,0.36999,238.00000,0.33613,0.10493,6477.55421,224521.32190,P2 · AÇÃO PLANEJADA
402,4,C04 · Standard / Classe Média,c,c,5857.99100,6846.66840,8031.48600,5428.38510,0.37103,239.00000,0.33333,0.10493,6472.65242,224351.41890,P2 · AÇÃO PLANEJADA
606,4,C04 · Standard / Classe Média,a,a,5839.21050,6846.66840,8031.48600,5428.38510,0.37544,240.00000,0.33053,0.10493,6451.90134,223632.15665,P2 · AÇÃO PLANEJADA
929,4,C04 · Standard / Classe Média,a,c,5815.34570,6846.66840,8031.48600,5428.38510,0.38108,241.00000,0.32773,0.10493,6425.53248,222718.17407,P2 · AÇÃO PLANEJADA
813,4,C04 · Standard / Classe Média,a,a,5810.71430,6846.66840,8031.48600,5428.38510,0.38219,242.00000,0.32493,0.10493,6420.41512,222540.79906,P2 · AÇÃO PLANEJADA
175,4,C04 · Standard / Classe Média,c,a,5784.54850,6846.66840,8031.48600,5428.38510,0.38844,243.00000,0.32213,0.10493,6391.50382,221538.69197,P2 · AÇÃO PLANEJADA
860,4,C04 · Standard / Classe Média,c,c,5781.33380,6846.66840,8031.48600,5428.38510,0.38921,244.00000,0.31933,0.10493,6387.95181,221415.57425,P2 · AÇÃO PLANEJADA
647,4,C04 · Standard / Classe Média,a,c,5774.57530,6846.66840,8031.48600,5428.38510,0.39084,245.00000,0.31653,0.10493,6380.48416,221156.73481,P2 · AÇÃO PLANEJADA
912,4,C04 · Standard / Classe Média,c,c,5765.97960,6846.66840,8031.48600,5428.38510,0.39291,246.00000,0.31373,0.10493,6370.98654,220827.53364,P2 · AÇÃO PLANEJADA
920,4,C04 · Standard / Classe Média,a,a,5764.19610,6846.66840,8031.48600,5428.38510,0.39334,247.00000,0.31092,0.10493,6369.01590,220759.22853,P2 · AÇÃO PLANEJADA
514,4,C04 · Standard / Classe Média,c,c,5756.00960,6846.66840,8031.48600,5428.38510,0.39532,248.00000,0.30812,0.10493,6359.97042,220445.69904,P2 · AÇÃO PLANEJADA
725,4,C04 · Standard / Classe Média,d,c,5747.42470,6846.66840,8031.48600,5428.38510,0.39741,249.00000,0.30532,0.10493,6350.48473,220116.91150,P2 · AÇÃO PLANEJADA
950,4,C04 · Standard / Classe Média,a,a,5742.31740,6846.66840,8031.48600,5428.38510,0.39865,250.00000,0.30252,0.10493,6344.84154,219921.31031,P2 · AÇÃO PLANEJADA
992,4,C04 · Standard / Classe Média,a,a,5715.99100,6846.66840,8031.48600,5428.38510,0.40509,251.00000,0.29972,0.10493,6315.75279,218913.05249,P2 · AÇÃO PLANEJADA
511,4,C04 · Standard / Classe Média,a,a,5662.32020,6846.66840,8031.48600,5428.38510,0.41841,252.00000,0.29692,0.10493,6256.45047,216857.54914,P2 · AÇÃO PLANEJADA
537,4,C04 · Standard / Classe Média,a,a,5580.17890,6846.66840,8031.48600,5428.38510,0.43929,253.00000,0.29412,0.10493,6165.69033,213711.67248,P2 · AÇÃO PLANEJADA
10,4,C04 · Standard / Classe Média,a,a,5568.42090,6846.66840,8031.48600,5428.38510,0.44233,254.00000,0.29132,0.10493,6152.69860,213261.36042,P2 · AÇÃO PLANEJADA
399,4,C04 · Standard / Classe Média,a,a,5558.84890,6846.66840,8031.48600,5428.38510,0.44481,255.00000,0.28852,0.10493,6142.12224,212894.76856,P2 · AÇÃO PLANEJADA
141,4,C04 · Standard / Classe Média,c,c,5540.74130,6846.66840,8031.48600,5428.38510,0.44953,256.00000,0.28571,0.10493,6122.11466,212201.27727,P2 · AÇÃO PLANEJADA
301,4,C04 · Standard / Classe Média,a,c,5538.44130,6846.66840,8031.48600,5428.38510,0.45013,257.00000,0.28291,0.10493,6119.57333,212113.19105,P2 · AÇÃO PLANEJADA
409,4,C04 · Standard / Classe Média,d,c,5527.35850,6846.66840,8031.48600,5428.38510,0.45304,258.00000,0.28011,0.10493,6107.32765,211688.73805,P2 · AÇÃO PLANEJADA
563,4,C04 · Standard / Classe Média,a,a,5513.49230,6846.66840,8031.48600,5428.38510,0.45670,259.00000,0.27731,0.10493,6092.00651,211157.68540,P2 · AÇÃO PLANEJADA
436,4,C04 · Standard / Classe Média,d,a,5509.48460,6846.66840,8031.48600,5428.38510,0.45776,260.00000,0.27451,0.10493,6087.57829,211004.19708,P2 · AÇÃO PLANEJADA
14,4,C04 · Standard / Classe Média,a,a,5508.56740,6846.66840,8031.48600,5428.38510,0.45800,261.00000,0.27171,0.10493,6086.56485,210969.06983,P2 · AÇÃO PLANEJADA
398,4,C04 · Standard / Classe Média,c,c,5496.52300,6846.66840,8031.48600,5428.38510,0.46119,262.00000,0.26891,0.10493,6073.25667,210507.78912,P2 · AÇÃO PLANEJADA
774,4,C04 · Standard / Classe Média,a,c,5493.74360,6846.66840,8031.48600,5428.38510,0.46193,263.00000,0.26611,0.10493,6070.18563,210401.34267,P2 · AÇÃO PLANEJADA
204,4,C04 · Standard / Classe Média,a,a,5486.24760,6846.66840,8031.48600,5428.38510,0.46393,264.00000,0.26331,0.10493,6061.90310,210114.25820,P2 · AÇÃO PLANEJADA
79,4,C04 · Standard / Classe Média,a,a,5474.24070,6846.66840,8031.48600,5428.38510,0.46714,265.00000,0.26050,0.10493,6048.63635,209654.41368,P2 · AÇÃO PLANEJADA
1096,4,C04 · Standard / Classe Média,a,c,5456.52370,6846.66840,8031.48600,5428.38510,0.47191,266.00000,0.25770,0.10493,6029.06036,208975.88173,P2 · AÇÃO PLANEJADA
365,4,C04 · Standard / Classe Média,c,a,5440.59420,6846.66840,8031.48600,5428.38510,0.47621,267.00000,0.25490,0.10493,6011.45943,208365.80808,P2 · AÇÃO PLANEJADA
334,4,C04 · Standard / Classe Média,d,c,5428.38510,6846.66840,8031.48600,5428.38510,0.47954,268.00000,0.25210,0.10493,5997.96926,207898.21964,P2 · AÇÃO PLANEJADA
631,4,C04 · Standard / Classe Média,d,c,5400.30740,6846.66840,8031.48600,5428.38510,0.48723,269.00000,0.24930,0.10493,5966.94545,206822.88991,P1 · AÇÃO URGENTE
317,4,C04 · Standard / Classe Média,d,a,5379.48550,6846.66840,8031.48600,5428.38510,0.49298,270.00000,0.24650,0.10493,5943.93878,206025.44540,P1 · AÇÃO URGENTE
501,4,C04 · Standard / Classe Média,a,c,5378.18010,6846.66840,8031.48600,5428.38510,0.49335,271.00000,0.24370,0.10493,5942.49640,205975.45072,P1 · AÇÃO URGENTE
114,4,C04 · Standard / Classe Média,c,a,5346.55990,6846.66840,8031.48600,5428.38510,0.50218,272.00000,0.24090,0.10493,5907.55839,204764.44908,P1 · AÇÃO URGENTE
257,4,C04 · Standard / Classe Média,a,a,5335.58550,6846.66840,8031.48600,5428.38510,0.50527,273.00000,0.23810,0.10493,5895.43248,204344.14761,P1 · AÇÃO URGENTE
923,4,C04 · Standard / Classe Média,a,a,5315.34440,6846.66840,8031.48600,5428.38510,0.51100,274.00000,0.23529,0.10493,5873.06754,203568.94678,P1 · AÇÃO URGENTE
419,4,C04 · Standard / Classe Média,c,a,5311.15820,6846.66840,8031.48600,5428.38510,0.51219,275.00000,0.23249,0.10493,5868.44210,203408.62220,P1 · AÇÃO URGENTE
447,4,C04 · Standard / Classe Média,a,c,5307.62240,6846.66840,8031.48600,5428.38510,0.51320,276.00000,0.22969,0.10493,5864.53530,203273.20688,P1 · AÇÃO URGENTE
519,4,C04 · Standard / Classe Média,c,c,5306.32020,6846.66840,8031.48600,5428.38510,0.51357,277.00000,0.22689,0.10493,5863.09646,203223.33476,P1 · AÇÃO URGENTE
131,4,C04 · Standard / Classe Média,c,a,5275.40440,6846.66840,8031.48600,5428.38510,0.52244,278.00000,0.22409,0.10493,5828.93676,202039.31048,P1 · AÇÃO URGENTE
989,4,C04 · Standard / Classe Média,a,a,5242.46300,6846.66840,8031.48600,5428.38510,0.53201,279.00000,0.22129,0.10493,5792.53892,200777.70905,P1 · AÇÃO URGENTE
127,4,C04 · Standard / Classe Média,d,a,5238.15410,6846.66840,8031.48600,5428.38510,0.53327,280.00000,0.21849,0.10493,5787.77790,200612.68527,P1 · AÇÃO URGENTE
196,4,C04 · Standard / Classe Média,c,a,5216.33630,6846.66840,8031.48600,5428.38510,0.53968,281.00000,0.21569,0.10493,5763.67082,199777.09942,P1 · AÇÃO URGENTE
472,4,C04 · Standard / Classe Média,c,c,5204.65180,6846.66840,8031.48600,5428.38510,0.54314,282.00000,0.21289,0.10493,5750.76030,199329.60229,P1 · AÇÃO URGENTE
225,4,C04 · Standard / Classe Média,d,a,5197.00000,6846.66840,8031.48600,5428.38510,0.54541,283.00000,0.21008,0.10493,5742.30562,199036.55093,P1 · AÇÃO URGENTE
835,4,C04 · Standard / Classe Média,a,a,5188.12650,6846.66840,8031.48600,5428.38510,0.54805,284.00000,0.20728,0.10493,5732.50105,198696.71048,P1 · AÇÃO URGENTE
440,4,C04 · Standard / Classe Média,d,a,5156.07850,6846.66840,8031.48600,5428.38510,0.55767,285.00000,0.20448,0.10493,5697.09035,197469.32480,P1 · AÇÃO URGENTE
1074,4,C04 · Standard / Classe Média,c,c,5146.24360,6846.66840,8031.48600,5428.38510,0.56065,286.00000,0.20168,0.10493,5686.22350,197092.66431,P1 · AÇÃO URGENTE
314,4,C04 · Standard / Classe Média,a,a,5137.71500,6846.66840,8031.48600,5428.38510,0.56324,287.00000,0.19888,0.10493,5676.80002,196766.03296,P1 · AÇÃO URGENTE
130,4,C04 · Standard / Classe Média,c,a,5121.06270,6846.66840,8031.48600,5428.38510,0.56832,288.00000,0.19608,0.10493,5658.40045,196128.27726,P1 · AÇÃO URGENTE
941,4,C04 · Standard / Classe Média,a,a,5030.63830,6846.66840,8031.48600,5428.38510,0.59651,289.00000,0.19328,0.10493,5558.48808,192665.17149,P1 · AÇÃO URGENTE
646,4,C04 · Standard / Classe Média,a,a,5025.92600,6846.66840,8031.48600,5428.38510,0.59801,290.00000,0.19048,0.10493,5553.28134,192484.69815,P1 · AÇÃO URGENTE
218,4,C04 · Standard / Classe Média,a,c,5018.57720,6846.66840,8031.48600,5428.38510,0.60035,291.00000,0.18768,0.10493,5545.16145,192203.25120,P1 · AÇÃO URGENTE
170,4,C04 · Standard / Classe Média,a,a,5009.44160,6846.66840,8031.48600,5428.38510,0.60327,292.00000,0.18487,0.10493,5535.06728,191853.37275,P1 · AÇÃO URGENTE
577,4,C04 · Standard / Classe Média,a,c,4953.41710,6846.66840,8031.48600,5428.38510,0.62140,293.00000,0.18207,0.10493,5473.16430,189707.72656,P1 · AÇÃO URGENTE
220,4,C04 · Standard / Classe Média,a,a,4906.43300,6846.66840,8031.48600,5428.38510,0.63693,294.00000,0.17927,0.10493,5421.25030,187908.31282,P1 · AÇÃO URGENTE
566,4,C04 · Standard / Classe Média,a,a,4904.63900,6846.66840,8031.48600,5428.38510,0.63753,295.00000,0.17647,0.10493,5419.26806,187839.60557,P1 · AÇÃO URGENTE
531,4,C04 · Standard / Classe Média,a,c,4901.93490,6846.66840,8031.48600,5428.38510,0.63843,296.00000,0.17367,0.10493,5416.28022,187736.04299,P1 · AÇÃO URGENTE
1106,4,C04 · Standard / Classe Média,a,c,4894.09570,6846.66840,8031.48600,5428.38510,0.64106,297.00000,0.17087,0.10493,5407.61848,187435.81452,P1 · AÇÃO URGENTE
902,4,C04 · Standard / Classe Média,a,a,4886.47110,6846.66840,8031.48600,5428.38510,0.64362,298.00000,0.16807,0.10493,5399.19385,187143.80489,P1 · AÇÃO URGENTE
758,4,C04 · Standard / Classe Média,a,c,4868.36690,6846.66840,8031.48600,5428.38510,0.64973,299.00000,0.16527,0.10493,5379.19003,186450.44381,P1 · AÇÃO URGENTE
966,4,C04 · Standard / Classe Média,a,a,4818.07830,6846.66840,8031.48600,5428.38510,0.66695,300.00000,0.16246,0.10493,5323.62480,184524.47315,P1 · AÇÃO URGENTE
240,4,C04 · Standard / Classe Média,a,a,4812.03570,6846.66840,8031.48600,5428.38510,0.66904,301.00000,0.15966,0.10493,5316.94817,184293.05151,P1 · AÇÃO URGENTE
776,4,C04 · Standard / Classe Média,c,a,4804.80670,6846.66840,8031.48600,5428.38510,0.67155,302.00000,0.15686,0.10493,5308.96065,184016.19270,P1 · AÇÃO URGENTE
1095,4,C04 · Standard / Classe Média,a,a,4781.41560,6846.66840,8031.48600,5428.38510,0.67973,303.00000,0.15406,0.10493,5283.11519,183120.35205,P1 · AÇÃO URGENTE
505,4,C04 · Standard / Classe Média,a,a,4776.28060,6846.66840,8031.48600,5428.38510,0.68154,304.00000,0.15126,0.10493,5277.44139,182923.69000,P1 · AÇÃO URGENTE
1009,4,C04 · Standard / Classe Média,a,a,4772.18490,6846.66840,8031.48600,5428.38510,0.68298,305.00000,0.14846,0.10493,5272.91595,182766.83143,P1 · AÇÃO URGENTE
883,4,C04 · Standard / Classe Média,a,a,4768.65080,6846.66840,8031.48600,5428.38510,0.68423,306.00000,0.14566,0.10493,5269.01102,182631.48121,P1 · AÇÃO URGENTE
1,4,C04 · Standard / Classe Média,c,a,4759.09600,6846.66840,8031.48600,5428.38510,0.68761,307.00000,0.14286,0.10493,5258.45367,182265.54809,P1 · AÇÃO URGENTE
408,4,C04 · Standard / Classe Média,c,a,4727.77480,6846.66840,8031.48600,5428.38510,0.69879,308.00000,0.14006,0.10493,5223.84603,181065.99765,P1 · AÇÃO URGENTE
134,4,C04 · Standard / Classe Média,a,a,4725.89160,6846.66840,8031.48600,5428.38510,0.69946,309.00000,0.13725,0.10493,5221.76523,180993.87419,P1 · AÇÃO URGENTE
217,4,C04 · Standard / Classe Média,c,a,4700.88780,6846.66840,8031.48600,5428.38510,0.70850,310.00000,0.13445,0.10493,5194.13785,180036.26978,P1 · AÇÃO URGENTE
549,4,C04 · Standard / Classe Média,a,c,4642.71680,6846.66840,8031.48600,5428.38510,0.72991,311.00000,0.13165,0.10493,5129.86315,177808.41617,P1 · AÇÃO URGENTE
609,4,C04 · Standard / Classe Média,a,a,4638.04850,6846.66840,8031.48600,5428.38510,0.73165,312.00000,0.12885,0.10493,5124.70501,177629.62796,P1 · AÇÃO URGENTE
142,4,C04 · Standard / Classe Média,a,a,4603.96530,6846.66840,8031.48600,5428.38510,0.74447,313.00000,0.12605,0.10493,5087.04557,176324.29747,P1 · AÇÃO URGENTE
874,4,C04 · Standard / Classe Média,a,a,4583.69260,6846.66840,8031.48600,5428.38510,0.75219,314.00000,0.12325,0.10493,5064.64571,175547.88641,P1 · AÇÃO URGENTE
825,4,C04 · Standard / Classe Média,a,a,4562.92120,6846.66840,8031.48600,5428.38510,0.76016,315.00000,0.12045,0.10493,5041.69483,174752.37595,P1 · AÇÃO URGENTE
345,4,C04 · Standard / Classe Média,a,a,4559.58520,6846.66840,8031.48600,5428.38510,0.76145,316.00000,0.11765,0.10493,5038.00880,174624.61264,P1 · AÇÃO URGENTE
422,4,C04 · Standard / Classe Média,a,c,4559.05990,6846.66840,8031.48600,5428.38510,0.76165,317.00000,0.11485,0.10493,5037.42838,174604.49452,P1 · AÇÃO URGENTE
237,4,C04 · Standard / Classe Média,a,a,4535.99110,6846.66840,8031.48600,5428.38510,0.77061,318.00000,0.11204,0.10493,5011.93904,173720.99742,P1 · AÇÃO URGENTE
110,4,C04 · Standard / Classe Média,a,c,4534.42980,6846.66840,8031.48600,5428.38510,0.77122,319.00000,0.10924,0.10493,5010.21392,173661.20220,P1 · AÇÃO URGENTE
22,4,C04 · Standard / Classe Média,a,a,4525.85780,6846.66840,8031.48600,5428.38510,0.77458,320.00000,0.10644,0.10493,5000.74248,173332.90870,P1 · AÇÃO URGENTE
569,4,C04 · Standard / Classe Média,a,a,4519.55610,6846.66840,8031.48600,5428.38510,0.77705,321.00000,0.10364,0.10493,4993.77956,173091.56396,P1 · AÇÃO URGENTE
554,4,C04 · Standard / Classe Média,c,c,4481.01400,6846.66840,8031.48600,5428.38510,0.79234,322.00000,0.10084,0.10493,4951.19336,171615.46493,P1 · AÇÃO URGENTE
592,4,C04 · Standard / Classe Média,a,a,4448.51090,6846.66840,8031.48600,5428.38510,0.80543,323.00000,0.09804,0.10493,4915.27980,170370.64967,P1 · AÇÃO URGENTE
328,4,C04 · Standard / Classe Média,a,a,4432.02950,6846.66840,8031.48600,5428.38510,0.81215,324.00000,0.09524,0.10493,4897.06906,169739.43916,P1 · AÇÃO URGENTE
124,4,C04 · Standard / Classe Média,a,a,4424.14630,6846.66840,8031.48600,5428.38510,0.81538,325.00000,0.09244,0.10493,4888.35870,169437.52557,P1 · AÇÃO URGENTE
282,4,C04 · Standard / Classe Média,a,a,4408.58420,6846.66840,8031.48600,5428.38510,0.82178,326.00000,0.08964,0.10493,4871.16371,168841.52274,P1 · AÇÃO URGENTE
442,4,C04 · Standard / Classe Média,c,a,4379.13380,6846.66840,8031.48600,5428.38510,0.83404,327.00000,0.08683,0.10493,4838.62317,167713.62086,P1 · AÇÃO URGENTE
945,4,C04 · Standard / Classe Média,a,c,4374.95540,6846.66840,8031.48600,5428.38510,0.83579,328.00000,0.08403,0.10493,4834.00635,167553.59502,P1 · AÇÃO URGENTE
306,4,C04 · Standard / Classe Média,a,a,4368.86660,6846.66840,8031.48600,5428.38510,0.83835,329.00000,0.08123,0.10493,4827.27867,167320.40399,P1 · AÇÃO URGENTE
998,4,C04 · Standard / Classe Média,a,a,4316.94080,6846.66840,8031.48600,5428.38510,0.86046,330.00000,0.07843,0.10493,4769.90445,165331.73127,P1 · AÇÃO URGENTE
1063,4,C04 · Standard / Classe Média,a,c,4271.28700,6846.66840,8031.48600,5428.38510,0.88034,331.00000,0.07563,0.10493,4719.46033,163583.26583,P1 · AÇÃO URGENTE
864,4,C04 · Standard / Classe Média,a,a,4268.43630,6846.66840,8031.48600,5428.38510,0.88160,332.00000,0.07283,0.10493,4716.31052,163474.08871,P1 · AÇÃO URGENTE
958,4,C04 · Standard / Classe Média,a,a,4244.43240,6846.66840,8031.48600,5428.38510,0.89224,333.00000,0.07003,0.10493,4689.78796,162554.77883,P1 · AÇÃO URGENTE
751,4,C04 · Standard / Classe Média,a,a,4216.21570,6846.66840,8031.48600,5428.38510,0.90490,334.00000,0.06723,0.10493,4658.61056,161474.12564,P1 · AÇÃO URGENTE
946,4,C04 · Standard / Classe Média,a,a,4203.42750,6846.66840,8031.48600,5428.38510,0.91070,335.00000,0.06443,0.10493,4644.48054,160984.35861,P1 · AÇÃO URGENTE
1065,4,C04 · Standard / Classe Média,a,a,4198.16240,6846.66840,8031.48600,5428.38510,0.91310,336.00000,0.06162,0.10493,4638.66299,160782.71394,P1 · AÇÃO URGENTE
330,4,C04 · Standard / Classe Média,a,c,4166.63800,6846.66840,8031.48600,5428.38510,0.92757,337.00000,0.05882,0.10493,4603.83083,159575.38128,P1 · AÇÃO URGENTE
594,4,C04 · Standard / Classe Média,a,a,4155.86610,6846.66840,8031.48600,5428.38510,0.93257,338.00000,0.05602,0.10493,4591.92866,159162.83523,P1 · AÇÃO URGENTE
1042,4,C04 · Standard / Classe Média,a,a,4131.25030,6846.66840,8031.48600,5428.38510,0.94408,339.00000,0.05322,0.10493,4564.73000,158220.09058,P1 · AÇÃO URGENTE
165,4,C04 · Standard / Classe Média,a,a,3996.83440,6846.66840,8031.48600,5428.38510,1.00946,340.00000,0.05042,0.10493,4416.21024,153072.18273,P1 · AÇÃO URGENTE
395,4,C04 · Standard / Classe Média,a,a,3989.13480,6846.66840,8031.48600,5428.38510,1.01334,341.00000,0.04762,0.10493,4407.70275,152777.30071,P1 · AÇÃO URGENTE
48,4,C04 · Standard / Classe Média,a,a,3934.96680,6846.66840,8031.48600,5428.38510,1.04106,342.00000,0.04482,0.10493,4347.85106,150702.75542,P1 · AÇÃO URGENTE
379,4,C04 · Standard / Classe Média,d,a,3902.22070,6846.66840,8031.48600,5428.38510,1.05818,343.00000,0.04202,0.10493,4311.66901,149448.63366,P1 · AÇÃO URGENTE
117,4,C04 · Standard / Classe Média,a,a,3881.95640,6846.66840,8031.48600,5428.38510,1.06893,344.00000,0.03922,0.10493,4289.27844,148672.54430,P1 · AÇÃO URGENTE
538,4,C04 · Standard / Classe Média,a,a,3859.02420,6846.66840,8031.48600,5428.38510,1.08122,345.00000,0.03641,0.10493,4263.94003,147794.27877,P1 · AÇÃO URGENTE
873,4,C04 · Standard / Classe Média,a,a,3833.34490,6846.66840,8031.48600,5428.38510,1.09516,346.00000,0.03361,0.10493,4235.56628,146810.80382,P1 · AÇÃO URGENTE
186,4,C04 · Standard / Classe Média,a,a,3783.83920,6846.66840,8031.48600,5428.38510,1.12258,347.00000,0.03081,0.10493,4180.86610,144914.81694,P1 · AÇÃO URGENTE
642,4,C04 · Standard / Classe Média,c,c,3652.70990,6846.66840,8031.48600,5428.38510,1.19877,348.00000,0.02801,0.10493,4035.97779,139892.78046,P1 · AÇÃO URGENTE
772,4,C04 · Standard / Classe Média,d,c,3582.19920,6846.66840,8031.48600,5428.38510,1.24205,349.00000,0.02521,0.10493,3958.06862,137192.33664,P1 · AÇÃO URGENTE
789,4,C04 · Standard / Classe Média,a,c,3380.01160,6846.66840,8031.48600,5428.38510,1.37617,350.00000,0.02241,0.10493,3734.66608,129448.88416,P1 · AÇÃO URGENTE
435,4,C04 · Standard / Classe Média,a,a,3277.69190,6846.66840,8031.48600,5428.38510,1.45035,351.00000,0.01961,0.10493,3621.61028,125530.20797,P1 · AÇÃO URGENTE
656,4,C04 · Standard / Classe Média,d,a,3245.19210,6846.66840,8031.48600,5428.38510,1.47489,352.00000,0.01681,0.10493,3585.70037,124285.51909,P1 · AÇÃO URGENTE
558,4,C04 · Standard / Classe Média,a,a,3241.52420,6846.66840,8031.48600,5428.38510,1.47769,353.00000,0.01401,0.10493,3581.64761,124145.04455,P1 · AÇÃO URGENTE
425,4,C04 · Standard / Classe Média,d,c,3237.65980,6846.66840,8031.48600,5428.38510,1.48065,354.00000,0.01120,0.10493,3577.37773,123997.04439,P1 · AÇÃO URGENTE
219,4,C04 · Standard / Classe Média,a,a,3133.71250,6846.66840,8031.48600,5428.38510,1.56293,355.00000,0.00840,0.10493,3462.52355,120016.03379,P1 · AÇÃO URGENTE
794,4,C04 · Standard / Classe Média,c,c,3083.81280,6846.66840,8031.48600,5428.38510,1.60440,356.00000,0.00560,0.10493,3407.38803,118104.95737,P1 · AÇÃO URGENTE
208,4,C04 · Standard / Classe Média,c,a,2936.29080,6846.66840,8031.48600,5428.38510,1.73525,357.00000,0.00280,0.10493,3244.38698,112455.10744,P1 · AÇÃO URGENTE
